year,country,population,co2,co2_including_luc,co2_including_luc_per_unit_energy,co2_per_unit_energy,energy_per_capita,primary_energy_consumption
1966,Africa,329252360.0,221.082,1304.675,2.578,0.437,2275.487,750.133
1967,Africa,337851070.0,237.045,1342.63,2.65,0.468,2241.349,757.934
1968,Africa,346800965.0,257.271,1332.752,2.479,0.479,2307.324,800.596
1969,Africa,356032572.0,277.717,1375.873,2.552,0.515,2310.408,822.668
1970,Africa,365552194.0,302.406,1421.348,2.45,0.521,2443.656,893.035
1971,Africa,375326467.0,331.613,1385.271,2.234,0.535,2541.196,953.168
1972,Africa,385312221.0,351.688,1329.316,2.036,0.539,2618.036,1007.763
1973,Africa,395821972.0,377.821,1338.851,1.926,0.543,2761.8,1091.498
1974,Africa,406870347.0,388.183,1399.516,1.913,0.531,2822.004,1145.929
1975,Africa,418433494.0,387.017,1380.497,1.747,0.49,2908.514,1214.47
1976,Africa,430496972.0,419.915,1377.491,1.613,0.492,3070.085,1318.827
1977,Africa,442660474.0,432.919,1498.085,1.675,0.484,3150.411,1391.542
1978,Africa,455539246.0,462.339,1372.18,1.485,0.5,3179.803,1445.103
1979,Africa,469198447.0,498.987,1280.779,1.28,0.499,3364.423,1574.47
1980,Africa,483051703.0,536.023,1384.826,0.784,0.303,3514.002,1692.144
1981,Africa,497620997.0,548.882,1410.708,0.73,0.284,3831.083,1898.898
1982,Africa,512958818.0,571.969,1346.775,0.657,0.279,3963.747,2023.654
1983,Africa,528232712.0,594.811,1438.102,0.677,0.28,3966.524,2083.755
1984,Africa,543638102.0,649.591,1662.273,0.751,0.293,3976.943,2148.277
1985,Africa,559664031.0,666.142,1604.989,0.699,0.29,4023.185,2235.495
1986,Africa,575967283.0,690.176,1498.227,0.637,0.293,3990.702,2281.272
1987,Africa,592601301.0,690.283,1528.361,0.633,0.286,4004.209,2354.796
1988,Africa,609387686.0,725.373,1526.495,0.592,0.281,4169.531,2520.53
1989,Africa,626359180.0,698.583,1521.203,0.586,0.269,4063.964,2524.404
1990,Africa,643775320.0,658.344,1561.848,0.584,0.246,4086.788,2608.015
1991,Africa,661103806.0,687.67,1658.243,0.618,0.256,3977.031,2605.118
1992,Africa,678558076.0,666.66,1838.861,0.675,0.245,3935.49,2644.381
1993,Africa,696621727.0,706.442,1947.653,0.717,0.26,3847.788,2651.666
1994,Africa,714502658.0,790.234,2227.859,0.8,0.284,3879.767,2741.011
1995,Africa,732695476.0,844.549,2240.975,0.771,0.29,3937.208,2851.845
1996,Africa,751473728.0,872.284,2162.979,0.725,0.292,3937.364,2924.537
1997,Africa,770384702.0,893.938,2197.585,0.722,0.294,3923.29,2986.506
1998,Africa,789981698.0,912.482,2325.196,0.762,0.299,3888.703,3032.832
1999,Africa,810079818.0,899.879,2182.751,0.69,0.284,3911.636,3125.787
2000,Africa,830582806.0,930.851,2233.234,0.684,0.285,3902.616,3196.057
2001,Africa,851690329.0,920.602,2151.343,0.636,0.272,3943.533,3310.455
2002,Africa,873411364.0,899.996,2369.119,0.69,0.262,3896.362,3353.255
2003,Africa,895734453.0,989.645,2522.337,0.7,0.275,3984.036,3515.312
2004,Africa,918778450.0,1045.726,2486.618,0.651,0.274,4171.859,3774.621
2005,Africa,942546623.0,1059.372,2463.87,0.634,0.273,4079.625,3785.477
2006,Africa,966932346.0,1091.176,2468.392,0.625,0.276,4054.019,3858.375
2007,Africa,992055831.0,1116.9,2523.45,0.622,0.275,4102.967,4006.39
2008,Africa,1018065513.0,1174.755,2998.069,0.689,0.27,4237.09,4245.486
2009,Africa,1044777740.0,1168.25,3184.491,0.735,0.27,4199.224,4317.645
2010,Africa,1072216718.0,1216.669,3398.941,0.751,0.269,4221.057,4454.202
2011,Africa,1100148882.0,1257.421,3496.274,0.751,0.27,4149.529,4492.596
2012,Africa,1128843697.0,1268.948,3424.968,0.711,0.263,4207.916,4674.143
2013,Africa,1158780551.0,1282.542,3301.052,0.655,0.255,4216.218,4807.251
2014,Africa,1189220573.0,1357.349,3188.3,0.612,0.26,4220.688,4939.468
2015,Africa,1220075728.0,1332.662,2996.065,0.575,0.256,4200.331,5045.052
2016,Africa,1251208654.0,1375.131,3047.598,0.567,0.256,4209.26,5186.279
2017,Africa,1282902302.0,1393.216,3269.644,0.599,0.255,4242.396,5359.562
2018,Africa,1315409965.0,1386.654,2865.312,0.517,0.25,4239.753,5491.605
2019,Africa,1348005687.0,1479.412,2826.805,0.497,0.26,4225.526,5610.236
2020,Africa,1380821355.0,1355.782,2568.785,0.475,0.25,3908.335,5317.983
2021,Africa,1413753270.0,1441.534,2691.579,0.478,0.256,4136.617,5765.107
2022,Africa,1446883817.0,1432.503,2719.051,0.786,0.414,4079.04,5819.716
2023,Africa,1480770740.0,1418.739,2706.593,0.792,0.415,3969.284,5797.068
1966,Asia,1940186410.0,1797.063,4394.8,0.783,0.32,3021.709,5886.4
1967,Asia,1986308204.0,1825.098,4069.056,0.698,0.313,3070.014,6122.304
1968,Asia,2034769705.0,2015.996,4157.691,0.664,0.322,3221.768,6581.304
1969,Asia,2085428644.0,2289.412,5800.0,0.804,0.317,3605.824,7549.391
1970,Asia,2136911800.0,2697.75,5421.564,0.657,0.327,4014.981,8611.759
1971,Asia,2187672734.0,2953.393,5493.027,0.611,0.328,4274.046,9383.342
1972,Asia,2237825637.0,3129.125,6544.377,0.678,0.324,4480.006,10060.199
1973,Asia,2288852578.0,3351.564,6518.591,0.625,0.322,4725.79,10853.22
1974,Asia,2339398093.0,3411.199,6351.404,0.6,0.322,4705.166,11042.773
1975,Asia,2388510796.0,3577.897,6287.946,0.566,0.322,4836.002,11584.045
1976,Asia,2436467523.0,3803.975,6307.665,0.536,0.323,5023.869,12271.712
1977,Asia,2484229194.0,4048.552,7201.224,0.577,0.324,5231.14,13024.872
1978,Asia,2531837751.0,4230.989,7511.774,0.566,0.319,5459.537,13849.664
1979,Asia,2580755579.0,4405.182,6722.091,0.483,0.317,5623.0,14534.988
1980,Asia,2631643578.0,4399.586,6639.812,0.459,0.304,5515.302,14534.666
1981,Asia,2683999130.0,4373.089,6590.359,0.449,0.298,5485.43,14743.7
1982,Asia,2738669561.0,4522.608,6437.146,0.428,0.301,5509.611,15110.624
1983,Asia,2794057024.0,4704.945,6708.954,0.422,0.296,5714.418,15988.266
1984,Asia,2849479890.0,4979.162,7750.416,0.457,0.294,5976.292,17051.377
1985,Asia,2906232637.0,5269.918,7926.156,0.406,0.27,6884.742,20033.611
1986,Asia,2964898212.0,5495.256,8664.411,0.426,0.27,7027.5,20859.691
1987,Asia,3025641761.0,5730.537,8394.837,0.387,0.264,7314.745,22153.617
1988,Asia,3086642984.0,6189.667,8630.557,0.372,0.267,7658.725,23659.52
1989,Asia,3147693774.0,6405.749,8621.604,0.356,0.264,7859.594,24755.385
1990,Asia,3209094416.0,6584.308,8514.754,0.338,0.262,7996.127,25672.076
1991,Asia,3268207591.0,7361.138,9044.95,0.344,0.28,8174.055,26721.428
1992,Asia,3324812376.0,7209.855,9163.75,0.329,0.259,8397.544,27916.607
1993,Asia,3380039932.0,7540.911,9237.331,0.318,0.259,8614.821,29102.895
1994,Asia,3433680246.0,7895.757,9955.994,0.325,0.258,8918.158,30599.727
1995,Asia,3486817941.0,8265.562,10075.249,0.316,0.259,9145.206,31855.648
1996,Asia,3539849815.0,8605.014,10621.063,0.318,0.258,9410.756,33262.73
1997,Asia,3592367924.0,8723.257,12379.587,0.361,0.254,9549.788,34237.883
1998,Asia,3644341777.0,8481.06,10688.523,0.311,0.247,9435.396,34301.84
1999,Asia,3695620593.0,8971.64,11139.543,0.314,0.253,9604.105,35393.363
2000,Asia,3746832774.0,9336.837,11183.743,0.303,0.253,9869.218,36862.414
2001,Asia,3797954098.0,9521.609,11019.978,0.289,0.25,10069.09,38113.672
2002,Asia,3847359676.0,10040.597,11612.686,0.29,0.251,10425.784,39979.625
2003,Asia,3895799452.0,11046.249,12437.464,0.288,0.256,11100.21,43105.566
2004,Asia,3944378409.0,11699.782,13177.229,0.278,0.247,12032.002,47302.645
2005,Asia,3992890562.0,12552.623,13862.595,0.272,0.246,12800.296,50936.59
2006,Asia,4041771421.0,13404.329,15246.732,0.283,0.249,13374.49,53862.973
2007,Asia,4090564354.0,14136.139,15462.133,0.27,0.247,14019.443,57129.203
2008,Asia,4139267473.0,14858.406,16260.511,0.275,0.251,14313.37,59011.031
2009,Asia,4188829442.0,15394.146,17140.412,0.284,0.255,14453.721,60291.379
2010,Asia,4238694946.0,16554.266,17826.924,0.278,0.258,15216.922,64216.043
2011,Asia,4288349990.0,17787.42,19187.695,0.284,0.264,15809.137,67480.969
2012,Asia,4338443549.0,18455.439,19904.789,0.285,0.264,16176.462,69836.461
2013,Asia,4387757389.0,18692.012,20129.354,0.281,0.261,16412.869,71646.883
2014,Asia,4435744582.0,18940.043,20697.158,0.281,0.257,16686.832,73630.586
2015,Asia,4482088478.0,19047.488,21006.764,0.28,0.254,16821.529,74994.586
2016,Asia,4527178156.0,19192.705,20140.516,0.265,0.252,16899.965,76099.789
2017,Asia,4571224662.0,19737.521,20459.465,0.259,0.25,17389.35,79071.023
2018,Asia,4612352863.0,20335.523,21042.113,0.257,0.248,17861.273,81961.859
2019,Asia,4651098712.0,20889.145,21687.756,0.257,0.248,18234.492,84384.469
2020,Asia,4686811205.0,20634.852,20980.775,0.25,0.246,18019.92,84028.445
2021,Asia,4716999175.0,21640.396,21863.449,0.248,0.245,18822.35,88339.539
2022,Asia,4746329726.0,21815.756,22044.652,0.248,0.245,19219.635,90743.266
2023,Asia,4776659632.0,22600.221,22910.291,0.247,0.244,19917.422,94644.0
1966,Europe,640036994.0,5153.738,5525.352,0.441,0.411,31373.551,20075.539
1967,Europe,644732600.0,5267.683,5626.312,0.436,0.409,32294.582,20821.686
1968,Europe,649249404.0,5513.143,5911.199,0.431,0.402,33837.586,21968.814
1969,Europe,653780348.0,5813.301,6117.081,0.416,0.395,35727.676,23343.668
1970,Europe,657646308.0,6095.201,6574.921,0.42,0.389,37630.77,24729.529
1971,Europe,661610573.0,6324.005,6571.688,0.41,0.395,38678.285,25571.016
1972,Europe,666182813.0,6552.929,6744.99,0.402,0.391,40277.91,26802.838
1973,Europe,670465967.0,6845.589,7148.846,0.403,0.386,42220.465,28269.135
1974,Europe,674404989.0,6863.87,7088.994,0.406,0.393,42435.465,28582.908
1975,Europe,677939371.0,6903.233,7096.629,0.411,0.4,42690.59,28919.295
1976,Europe,681319207.0,7277.801,7533.797,0.414,0.4,44533.395,30327.705
1977,Europe,684767363.0,7334.162,7606.117,0.412,0.397,45540.352,31172.619
1978,Europe,688106257.0,7566.62,7824.192,0.409,0.395,47110.336,32403.143
1979,Europe,691423810.0,7746.167,7938.622,0.4,0.39,48501.203,33512.375
1980,Europe,694962025.0,7750.178,8104.946,0.417,0.399,47969.074,33296.145
1981,Europe,698282872.0,7468.539,7735.384,0.409,0.395,47418.488,33056.219
1982,Europe,701148276.0,7408.562,7609.48,0.412,0.401,47157.164,33006.098
1983,Europe,703986058.0,7415.053,7666.637,0.412,0.398,47626.152,33467.973
1984,Europe,706830247.0,7466.038,7720.284,0.405,0.391,48906.074,34504.148
1985,Europe,709671971.0,7791.125,8046.485,0.246,0.238,47177.453,33413.352
1986,Europe,712736045.0,7805.437,8066.635,0.242,0.234,47810.801,33999.641
1987,Europe,715923439.0,7825.856,8105.152,0.238,0.23,48686.398,34772.836
1988,Europe,719141825.0,7868.776,8137.895,0.236,0.228,49046.547,35176.734
1989,Europe,722202127.0,7833.485,8019.104,0.233,0.228,48769.746,35108.652
1990,Europe,724928030.0,8038.27,8231.39,0.238,0.232,48583.395,35091.113
1991,Europe,727282708.0,7738.573,7983.153,0.233,0.226,47880.285,34684.59
1992,Europe,728427305.0,7096.633,7169.284,0.216,0.214,46034.34,33424.168
1993,Europe,728832223.0,6806.002,6765.468,0.211,0.213,44344.66,32250.467
1994,Europe,729729624.0,6446.058,6437.724,0.209,0.21,42530.152,30958.039
1995,Europe,730243556.0,6423.223,6313.62,0.206,0.209,42450.391,30910.812
1996,Europe,730250394.0,6471.548,6841.8,0.221,0.209,42768.289,31149.6
1997,Europe,730322947.0,6266.118,6217.627,0.205,0.206,42028.742,30616.441
1998,Europe,729778939.0,6239.436,6136.604,0.201,0.204,42228.625,30757.67
1999,Europe,729149183.0,6156.371,6097.435,0.2,0.202,42210.465,30730.572
2000,Europe,729112155.0,6154.3,5963.216,0.193,0.199,42731.355,31104.887
2001,Europe,729202129.0,6280.917,5980.625,0.191,0.201,43310.816,31523.469
2002,Europe,730108231.0,6248.751,5935.872,0.191,0.201,43055.496,31341.008
2003,Europe,731376242.0,6389.753,6162.762,0.195,0.202,43728.496,31852.928
2004,Europe,732264288.0,6419.04,6249.64,0.195,0.201,44258.059,32272.164
2005,Europe,733082921.0,6422.172,6197.516,0.193,0.2,44337.477,32365.791
2006,Europe,733738758.0,6529.996,6319.22,0.193,0.2,44872.352,32797.777
2007,Europe,734969351.0,6473.897,6378.48,0.196,0.199,44457.367,32563.539
2008,Europe,736640719.0,6406.544,6259.054,0.193,0.198,44213.359,32468.004
2009,Europe,738045338.0,5892.903,5915.457,0.194,0.193,41481.477,30530.928
2010,Europe,739273391.0,6116.594,6319.022,0.2,0.193,43025.473,31727.25
2011,Europe,740505908.0,6045.117,5974.34,0.191,0.193,42409.57,31329.412
2012,Europe,741624513.0,5998.561,6236.625,0.2,0.192,42241.352,31261.297
2013,Europe,742654890.0,5841.422,5916.277,0.192,0.189,41737.449,30934.982
2014,Europe,743842712.0,5611.03,5556.65,0.185,0.187,40443.0,30016.424
2015,Europe,745456775.0,5616.481,5878.12,0.197,0.188,40300.395,29955.061
2016,Europe,747240427.0,5602.062,5868.395,0.194,0.185,40722.195,30318.334
2017,Europe,748683743.0,5635.927,5887.824,0.193,0.185,40995.836,30568.859
2018,Europe,749835851.0,5617.016,5914.482,0.192,0.182,41386.852,30898.5
2019,Europe,750791010.0,5436.906,5528.837,0.182,0.179,40689.801,30412.301
2020,Europe,750826495.0,5026.315,5190.953,0.182,0.177,38172.617,28532.605
2021,Europe,749931027.0,5304.04,5495.522,0.185,0.179,39855.137,29748.58
2022,Europe,748296158.0,5228.87,5489.547,0.192,0.183,39024.594,29065.789
2023,Europe,746948103.0,4993.221,5255.421,0.187,0.178,38554.629,28666.621
1966,North America,302406120.0,3956.438,4492.4,0.263,0.232,58499.273,17299.689
1967,North America,307620055.0,4127.06,5135.537,0.29,0.233,59633.988,17915.924
1968,North America,312721533.0,4289.614,5574.464,0.297,0.229,62231.695,18990.566
1969,North America,317807448.0,4501.617,5415.958,0.274,0.228,64490.094,19995.355
1970,North America,323225986.0,4862.468,5653.116,0.275,0.237,65908.375,20806.727
1971,North America,328861429.0,4915.923,5731.105,0.273,0.234,66282.469,21279.955
1972,North America,334187762.0,5161.898,5998.047,0.271,0.233,68747.602,22433.721
1973,North America,339231480.0,5397.119,6050.987,0.261,0.233,70951.398,23507.699
1974,North America,344226863.0,5251.302,5922.509,0.26,0.23,68778.508,23128.371
1975,North America,349224548.0,5128.3,5832.004,0.262,0.23,66181.594,22587.797
1976,North America,354178873.0,5434.773,6168.401,0.263,0.232,68735.969,23803.949
1977,North America,359152719.0,5591.318,6418.712,0.266,0.231,69744.156,24515.525
1978,North America,364168538.0,5677.353,6388.643,0.258,0.229,70366.867,25122.107
1979,North America,369229436.0,5792.686,6486.922,0.258,0.231,70337.289,25508.131
1980,North America,374396442.0,5620.345,6409.731,0.259,0.227,67298.695,24804.613
1981,North America,379564350.0,5494.563,6289.793,0.26,0.227,64997.34,24282.295
1982,North America,384744466.0,5262.526,6034.075,0.258,0.225,61769.016,23386.725
1983,North America,389995263.0,5202.27,6044.122,0.26,0.223,60678.578,23284.488
1984,North America,395240034.0,5460.077,6237.52,0.255,0.223,63008.93,24500.875
1985,North America,400471532.0,5463.63,6257.929,0.255,0.222,62374.164,24572.254
1986,North America,405669381.0,5448.31,6308.996,0.255,0.22,62060.812,24765.059
1987,North America,410877346.0,5654.344,6568.574,0.257,0.221,63311.887,25587.734
1988,North America,416201789.0,5903.792,6856.056,0.257,0.221,65170.832,26684.41
1989,North America,421643638.0,6015.955,6934.611,0.254,0.22,65831.852,27324.299
1990,North America,427527961.0,5988.813,6943.723,0.253,0.219,64944.715,27379.094
1991,North America,433792302.0,5934.664,6720.736,0.245,0.217,64009.559,27391.898
1992,North America,440060880.0,6060.854,6810.747,0.245,0.218,63991.258,27817.209
1993,North America,446185587.0,6165.8,6839.062,0.241,0.217,64301.457,28385.902
1994,North America,452083590.0,6289.066,7101.747,0.244,0.216,64797.32,29033.729
1995,North America,457858561.0,6349.006,6960.235,0.235,0.214,65153.48,29616.012
1996,North America,463530240.0,6569.388,7215.78,0.235,0.214,66372.242,30592.668
1997,North America,469106558.0,6686.24,7330.072,0.237,0.216,66026.898,30856.672
1998,North America,474677555.0,6757.986,7479.878,0.24,0.217,65530.32,31043.01
1999,North America,480238626.0,6853.051,7603.286,0.24,0.216,65893.172,31627.182
2000,North America,485805119.0,7098.336,7808.127,0.24,0.218,66780.531,32479.678
2001,North America,491432288.0,7009.265,7605.141,0.239,0.22,64595.223,31801.469
2002,North America,497028237.0,7060.732,7542.564,0.233,0.218,64967.062,32357.965
2003,North America,502587581.0,7174.326,7666.345,0.236,0.221,64549.953,32510.041
2004,North America,508166865.0,7274.384,7686.574,0.231,0.219,65193.543,33201.375
2005,North America,513798973.0,7321.313,7751.66,0.232,0.219,64937.539,33439.102
2006,North America,519545237.0,7258.981,7591.147,0.228,0.218,63918.078,33274.914
2007,North America,525495111.0,7363.736,7606.933,0.225,0.217,64196.086,33787.371
2008,North America,531569985.0,7131.514,7371.504,0.222,0.215,62269.328,33127.684
2009,North America,537617445.0,6649.442,6817.631,0.215,0.209,58808.133,31613.355
2010,North America,543593306.0,6863.159,7033.142,0.215,0.21,59883.75,32520.043
2011,North America,549552423.0,6765.769,6871.179,0.21,0.207,59285.91,32529.238
2012,North America,555486379.0,6581.796,6780.957,0.212,0.205,57465.285,31860.811
2013,North America,561345646.0,6716.957,6863.444,0.209,0.205,58248.207,32622.266
2014,North America,567078661.0,6754.753,7078.187,0.214,0.204,58163.531,32890.703
2015,North America,572637311.0,6604.085,6860.503,0.209,0.201,57186.812,32638.002
2016,North America,578186325.0,6467.17,6715.122,0.204,0.197,56628.852,32618.689
2017,North America,583669315.0,6417.92,6725.98,0.203,0.194,56448.176,32810.961
2018,North America,589049568.0,6597.806,6781.558,0.199,0.194,57652.777,33776.703
2019,North America,594346833.0,6493.359,6752.492,0.2,0.192,56792.07,33535.547
2020,North America,598250660.0,5826.628,6037.872,0.193,0.186,52279.398,31067.723
2021,North America,600876352.0,6192.752,6416.319,0.195,0.188,54581.031,32591.609
2022,North America,604356251.0,6267.443,6515.051,0.198,0.19,55534.938,33338.938
2023,North America,608770557.0,6123.55,6376.355,0.196,0.188,54651.148,33019.293
1966,Oceania,17986085.0,132.279,363.413,0.677,0.246,29853.646,536.651
1967,Oceania,18332230.0,138.611,570.579,1.011,0.246,30808.596,564.434
1968,Oceania,18670230.0,145.432,386.424,0.649,0.244,31898.879,595.169
1969,Oceania,19033792.0,153.719,285.672,0.463,0.249,32465.143,617.505
1970,Oceania,19494207.0,166.214,254.901,0.377,0.246,34696.434,675.91
1971,Oceania,20036080.0,170.642,269.262,0.379,0.24,35439.59,709.609
1972,Oceania,20494153.0,174.019,184.074,0.247,0.234,36342.535,744.334
1973,Oceania,20866219.0,193.62,217.738,0.275,0.244,37996.492,792.332
1974,Oceania,21228272.0,190.731,218.067,0.261,0.228,39434.844,836.544
1975,Oceania,21555933.0,196.82,308.102,0.362,0.231,39489.41,850.514
1976,Oceania,21842496.0,194.206,273.152,0.31,0.221,40326.07,879.946
1977,Oceania,22114618.0,207.572,406.541,0.442,0.226,41626.902,919.533
1978,Oceania,22383482.0,213.847,363.465,0.385,0.227,42201.527,943.458
1979,Oceania,22653744.0,213.96,359.111,0.368,0.219,43111.207,975.322
1980,Oceania,22954479.0,227.388,411.292,0.41,0.227,42692.332,978.535
1981,Oceania,23307532.0,235.792,429.948,0.423,0.232,42652.77,992.48
1982,Oceania,23690694.0,241.296,365.918,0.361,0.238,41827.629,989.074
1983,Oceania,24064500.0,230.603,515.641,0.511,0.229,41072.328,986.206
1984,Oceania,24421099.0,241.78,389.869,0.371,0.23,42065.312,1024.616
1985,Oceania,24777603.0,251.882,391.822,0.364,0.234,42530.348,1050.708
1986,Oceania,25149865.0,252.363,306.837,0.277,0.228,43032.996,1078.818
1987,Oceania,25544583.0,264.348,301.382,0.266,0.233,43432.492,1105.777
1988,Oceania,25956456.0,271.777,293.824,0.248,0.229,44708.641,1156.551
1989,Oceania,26377038.0,287.94,302.531,0.244,0.232,45992.184,1208.957
1990,Oceania,26839396.0,309.498,324.683,0.256,0.244,46272.234,1237.514
1991,Oceania,27315329.0,311.623,285.013,0.225,0.246,45348.184,1234.127
1992,Oceania,27746645.0,318.661,395.006,0.308,0.249,45261.805,1250.922
1993,Oceania,28154391.0,322.915,412.457,0.314,0.246,45675.688,1280.689
1994,Oceania,28573082.0,328.045,390.9,0.287,0.241,46834.508,1332.689
1995,Oceania,29025263.0,339.531,575.834,0.411,0.242,47368.34,1369.204
1996,Oceania,29498696.0,348.035,610.383,0.424,0.242,47861.441,1406.125
1997,Oceania,29964606.0,358.497,549.67,0.374,0.244,48089.383,1435.31
1998,Oceania,30420065.0,371.793,631.225,0.422,0.248,48329.215,1464.353
1999,Oceania,30880109.0,382.561,585.407,0.378,0.247,49336.777,1517.28
2000,Oceania,31352964.0,390.08,652.584,0.414,0.248,49156.395,1534.817
2001,Oceania,31847231.0,400.358,566.401,0.357,0.252,48647.988,1542.868
2002,Oceania,32366012.0,405.958,509.85,0.315,0.25,48930.207,1577.037
2003,Oceania,32894562.0,415.715,696.668,0.426,0.254,48506.902,1588.933
2004,Oceania,33419057.0,429.569,653.932,0.387,0.254,49254.324,1639.124
2005,Oceania,33956166.0,434.553,553.961,0.328,0.257,48475.18,1639.109
2006,Oceania,34540357.0,440.741,544.489,0.31,0.251,49456.574,1701.102
2007,Oceania,35190038.0,448.667,587.448,0.328,0.25,49526.828,1735.627
2008,Oceania,35890356.0,453.682,781.121,0.431,0.25,49288.832,1761.835
2009,Oceania,36593542.0,452.965,612.001,0.341,0.253,47712.871,1739.068
2010,Oceania,37254081.0,451.682,1020.589,0.567,0.251,47003.305,1743.969
2011,Oceania,37890092.0,450.4,765.571,0.414,0.244,47566.316,1794.699
2012,Oceania,38550533.0,453.473,645.836,0.353,0.248,46216.43,1773.961
2013,Oceania,39233928.0,446.241,657.858,0.355,0.241,45961.492,1795.154
2014,Oceania,39918740.0,442.859,577.769,0.308,0.236,45737.855,1817.135
2015,Oceania,40615011.0,452.079,538.095,0.28,0.236,45873.684,1853.464
2016,Oceania,41347228.0,460.608,630.615,0.327,0.239,45307.344,1862.188
2017,Oceania,42093978.0,465.37,611.167,0.317,0.241,44514.93,1861.493
2018,Oceania,42815507.0,468.624,563.734,0.288,0.24,44274.938,1883.457
2019,Oceania,43504533.0,470.051,550.07,0.273,0.233,44907.512,1943.529
2020,Oceania,44079302.0,449.667,583.096,0.309,0.238,41525.777,1824.383
2021,Oceania,44558538.0,439.662,564.869,0.3,0.233,41010.109,1824.625
2022,Oceania,45049682.0,433.029,556.868,0.294,0.229,42035.414,1893.227
2023,Oceania,45563133.0,430.303,553.872,0.29,0.225,41942.836,1911.591
1966,South America,174174977.0,251.989,1951.725,1.782,0.23,6506.521,1139.522
1967,South America,178570548.0,267.328,1957.234,1.723,0.235,6579.623,1181.496
1968,South America,182977286.0,287.605,1903.717,1.567,0.237,6855.773,1261.538
1969,South America,187410584.0,311.235,1876.736,1.477,0.245,7006.802,1320.568
1970,South America,191855152.0,337.826,2283.403,1.702,0.252,7225.137,1394.07
1971,South America,196342424.0,346.539,2083.541,1.458,0.242,7519.82,1484.877
1972,South America,200916855.0,362.557,2059.128,1.343,0.236,7874.088,1590.93
1973,South America,205568583.0,392.667,2102.547,1.244,0.232,8465.317,1749.893
1974,South America,210289337.0,416.53,2127.701,1.165,0.228,8910.272,1884.118
1975,South America,215072893.0,411.658,2120.25,1.142,0.222,8877.309,1919.734
1976,South America,219943056.0,419.329,2207.373,1.107,0.21,9312.507,2059.105
1977,South America,224941177.0,434.808,2171.905,1.023,0.205,9689.378,2190.752
1978,South America,230063999.0,462.11,2237.443,0.997,0.206,10027.263,2318.572
1979,South America,235280219.0,494.336,2304.566,0.95,0.204,10587.997,2503.576
1980,South America,240599662.0,508.354,2395.852,0.92,0.195,10777.794,2605.953
1981,South America,246004194.0,489.719,2316.219,0.892,0.188,10502.289,2596.231
1982,South America,251463263.0,490.87,2347.741,0.879,0.184,10574.088,2671.791
1983,South America,256993741.0,485.836,2339.67,0.865,0.18,10458.092,2700.283
1984,South America,262567860.0,491.463,2790.914,0.993,0.175,10639.584,2806.303
1985,South America,268127334.0,501.803,2276.341,0.776,0.171,10882.204,2930.802
1986,South America,273653737.0,529.759,2397.105,0.77,0.17,11357.528,3121.96
1987,South America,279159635.0,557.252,2347.33,0.726,0.172,11564.205,3243.154
1988,South America,284663491.0,580.267,2284.444,0.685,0.174,11705.045,3347.954
1989,South America,290157635.0,579.758,2261.437,0.666,0.171,11698.708,3411.36
1990,South America,295639581.0,598.211,2301.143,0.672,0.175,11570.869,3438.243
1991,South America,301035778.0,605.973,2362.329,0.671,0.172,11719.043,3546.201
1992,South America,306386107.0,618.012,2460.915,0.672,0.169,11966.73,3685.364
1993,South America,311712466.0,652.646,2447.877,0.643,0.171,12240.849,3835.084
1994,South America,316983659.0,655.497,2999.425,0.742,0.162,12791.932,4075.984
1995,South America,322239767.0,689.45,2888.531,0.681,0.163,13228.704,4285.389
1996,South America,327454410.0,719.745,2833.613,0.642,0.163,13559.612,4463.815
1997,South America,332642671.0,766.817,3085.653,0.662,0.165,14084.003,4709.889
1998,South America,337868223.0,791.004,3445.729,0.721,0.165,14228.434,4831.735
1999,South America,343039486.0,812.984,3371.023,0.705,0.17,14005.398,4827.181
2000,South America,348018740.0,812.434,3028.522,0.614,0.165,14229.766,4975.215
2001,South America,352811862.0,792.003,2846.767,0.582,0.162,13912.878,4931.771
2002,South America,357458484.0,819.945,3193.49,0.648,0.166,13846.41,4973.313
2003,South America,361970821.0,820.536,4602.396,0.926,0.165,13749.043,5000.602
2004,South America,366372163.0,856.859,3757.052,0.713,0.163,14380.607,5293.888
2005,South America,370696354.0,881.497,3396.928,0.625,0.162,14662.744,5461.91
2006,South America,374925359.0,909.106,3254.653,0.57,0.159,15214.891,5732.794
2007,South America,379035649.0,943.891,2941.74,0.491,0.157,15825.639,6029.03
2008,South America,383025005.0,987.699,2729.758,0.44,0.159,16197.249,6236.45
2009,South America,386904373.0,961.25,2701.639,0.439,0.156,15898.829,6185.365
2010,South America,390701115.0,1072.223,2579.53,0.398,0.166,16560.129,6509.428
2011,South America,394477911.0,1089.016,2703.276,0.401,0.162,17090.518,6787.245
2012,South America,398255314.0,1143.937,2996.0,0.428,0.163,17528.268,7031.761
2013,South America,402022549.0,1208.386,2886.764,0.404,0.169,17725.4,7181.41
2014,South America,405812430.0,1224.246,2938.778,0.406,0.169,17784.146,7276.008
2015,South America,409619968.0,1195.139,2774.305,0.387,0.167,17418.096,7196.016
2016,South America,413395033.0,1146.174,2565.149,0.361,0.161,17151.26,7153.821
2017,South America,417045358.0,1130.036,2537.01,0.355,0.158,17096.479,7197.321
2018,South America,420440406.0,1077.71,2496.738,0.353,0.152,16754.102,7116.15
2019,South America,423548289.0,1084.626,2546.332,0.363,0.155,16460.289,7050.242
2020,South America,426213551.0,979.441,2478.592,0.381,0.151,15154.642,6539.684
2021,South America,428331420.0,1079.731,2816.267,0.402,0.154,16254.437,7058.557
2022,South America,430492814.0,1096.153,2660.583,0.375,0.155,17016.16,7432.943
2023,South America,433024230.0,1108.965,2642.173,0.363,0.152,17411.889,7656.339
