year,population,gdp,cement_co2,cement_co2_per_capita,co2,co2_growth_abs,co2_growth_prct,co2_including_luc,co2_including_luc_growth_abs,co2_including_luc_growth_prct,co2_including_luc_per_capita,co2_including_luc_per_gdp,co2_per_capita,co2_per_gdp,coal_co2,coal_co2_per_capita,cumulative_cement_co2,cumulative_co2,cumulative_co2_including_luc,cumulative_coal_co2,cumulative_flaring_co2,cumulative_gas_co2,cumulative_luc_co2,cumulative_oil_co2,cumulative_other_co2,flaring_co2,flaring_co2_per_capita,gas_co2,gas_co2_per_capita,ghg_excluding_lucf_per_capita,ghg_per_capita,land_use_change_co2,land_use_change_co2_per_capita,methane,methane_per_capita,nitrous_oxide,nitrous_oxide_per_capita,oil_co2,oil_co2_per_capita,other_co2_per_capita,other_industry_co2,temperature_change_from_ch4,temperature_change_from_co2,temperature_change_from_ghg,temperature_change_from_n2o,total_ghg,total_ghg_excluding_lucf
1850,1287033856,1546684465152.0,0.0,0.0,196.848,11.8,6.376,2835.459,0.0,0.0,2.203,1.833,0.153,0.127,196.848,0.153,0.0,196.84799999999996,2835.459,196.84799999999996,0.0,0.0,2638.611,0.0,0.0,0.0,0.0,0.0,0.0,0.529,3.278,2638.611,2.05,1239.41,0.963,144.832,0.113,0.0,0.0,0.0,0.0,0.0,0.0,0.0,0.0,4219.061,681.081
1851,1294571381,1561940626895.5103,0.0,0.0,198.779,1.931,0.981,3018.492,183.033,6.455,2.331653583804971,1.932526722222156,0.15354811864174833,0.12726412040071597,198.779,0.15354811864174833,0.0,395.6260000000002,5853.951,395.6260000000002,0.0,0.0,5458.325,0.0,0.0,0.0,0.0,0.0,0.0,0.5285131511801897,3.4060006769143927,2819.714,2.178106237619662,1244.053,0.9609767512696158,147.445,0.11389483976241245,0.0,0.0,0.0,0.0,0.0,0.001,0.002,0.0,4409.311,684.198
1852,1301972716,1577381980495.9185,0.0,0.0,207.595,8.817,4.435,3065.094,46.601,1.544,2.3541921903070047,1.9431526655555902,0.15944650563629784,0.13160731044660057,207.595,0.15944650563629784,0.0,603.2209999999995,8919.044,603.2209999999995,0.0,0.0,8315.823,0.0,0.0,0.0,0.0,0.0,0.0,0.53471857854201,3.4294712516848165,2857.499,2.194745684670707,1250.69,0.9606115278993297,150.001,0.11521055561044491,0.0,0.0,0.0,0.0,0.001,0.003,0.004,0.0,4465.078,696.189
1853,1309237862,1593008525953.2246,0.0,0.0,217.237,9.642,4.645,3122.835,57.741,1.884,2.385231202548281,1.9603379072509093,0.16592630438303044,0.13636901275842808,217.237,0.16592630438303044,0.0,820.4579999999996,12041.88,820.4579999999996,0.0,0.0,11221.421,0.0,0.0,0.0,0.0,0.0,0.0,0.5421925385778371,3.462176837045979,2905.598,2.2193048981652503,1258.188,0.9610079547180098,152.464,0.11645248310119526,0.0,0.0,0.0,0.0,0.001,0.004,0.006,0.0,4532.813,709.859
1854,1316366818,1608820263267.4275,0.0,0.0,255.039,37.802,17.401,3169.879,47.044,1.506,2.4080514311475145,1.9703127020305837,0.19374462840645684,0.1585254772226883,255.039,0.19374462840645684,0.0,1075.4970000000003,15211.758,1075.4970000000003,0.0,0.0,14136.262,0.0,0.0,0.0,0.0,0.0,0.0,0.5748200195061435,3.490351577670959,2914.84,2.2143068027410577,1270.683,0.965295526007402,154.799,0.11759564118699929,0.0,0.0,0.0,0.0,0.002,0.006,0.008,0.0,4594.583,756.674
1855,1323359584,1624817192438.5283,0.0,0.0,260.26,5.221,2.047,3138.781,-31.098,-0.981,2.371827761667535,1.9317748572621345,0.19666612396710462,0.16017801954040217,260.223,0.19663816482399088,0.0,1335.7569999999996,18350.539,1335.7200000000003,0.0,0.0,17014.781,0.037,0.0,0.0,0.0,0.0,0.0,0.5779683838372383,3.4548969571674633,2878.521,2.1751616377004304,1277.144,0.9650770776448315,156.97,0.11861477552876513,0.037,2.7959143113743452e-05,0.0,0.0,0.002,0.007,0.01,0.0,4572.071,764.86
1856,1329808695,1640999313466.5264,0.0,0.0,278.246,17.986,6.911,3247.13,108.349,3.452,2.4418023526308796,1.9787515895668508,0.209237615189454,0.16955887654347623,278.205,0.20920678368703252,0.0,1614.0019999999995,21597.67,1613.9250000000002,0.0,0.0,19983.668,0.077,0.0,0.0,0.0,0.0,0.0,0.5925468850991382,3.527517918658217,2968.884,2.2325647374414257,1285.786,0.9668954676221304,158.941,0.11952170308226177,0.04,3.0079514557543182e-05,0.0,0.0,0.003,0.008,0.012,0.0,4690.924,787.974
1857,1335306688,1657366626351.4219,0.0,0.0,281.181,2.935,1.055,3232.267,-14.863,-0.458,2.4206176970784408,1.9502426008876579,0.21057409696730284,0.16965528056939372,281.13,0.21053590349425405,0.0,1895.183,24829.936,1895.0550000000003,0.0,0.0,22934.754,0.128,0.0,0.0,0.0,0.0,0.0,0.594082997658138,3.5075545131995924,2951.086,2.210043600111138,1291.693,0.967338074172815,160.678,0.1203304090692909,0.051,3.819347304879222e-05,0.0,0.0,0.003,0.01,0.014,0.0,4683.661,793.283
1858,1339853561,1673919131093.215,0.0,0.0,285.548,4.367,1.553,3260.378,28.11,0.87,2.433383837534168,1.9477512022164947,0.2131188126162692,0.17058649650148408,285.486,0.21307253890263012,0.0,2180.732,28090.312,2180.541,0.0,0.0,25909.582,0.191,0.0,0.0,0.0,0.0,0.0,0.5969398621466215,3.5219483213359912,2974.829,2.2202642785676785,1297.413,0.9683244779613643,162.145,0.12101695641946351,0.062,4.6273713639068354e-05,0.0,0.0,0.004,0.011,0.016,0.001,4718.895,799.812
1859,1343449316,1690656827691.9058,0.0,0.0,302.572,17.024,5.962,3341.246,80.869,2.48,2.4870651688954375,1.9763005390996398,0.22522025683922414,0.17896712984211763,302.517,0.2251793174458693,0.0,2483.304,31431.559,2483.058,0.0,0.0,28948.256,0.245,0.0,0.0,0.0,0.0,0.0,0.6121377190831068,3.580356878904392,3038.674,2.261844912056213,1306.537,0.972524221375241,163.305,0.12155650239655189,0.055,4.0939393354829024e-05,0.0,0.0,0.004,0.013,0.018,0.001,4810.028,822.376
1860,1346093952,1707579716147.4937,0.0,0.0,332.298,29.726,9.825,3113.146,-228.1,-6.827,2.313,1.8231336262436015,0.247,0.19460174939867783,332.025,0.247,0.0,2815.602,34544.707,2815.0829999999996,0.0,0.0,31729.104,0.519,0.0,0.0,0.0,0.0,0.0,0.638,3.412,2780.848,2.066,1317.394,0.979,164.125,0.122,0.273,0.0,0.0,0.0,0.005,0.014,0.02,0.001,4593.482,859.345
1861,1347787468,1725448285549.2512,0.0,0.0,349.19,16.892,5.083,3116.545,3.399,0.109,2.312341577581726,1.806223360097941,0.25908387508467323,0.2023763928044036,348.249,0.25838569378951964,0.0,3164.7929999999997,37661.254,3163.3320000000003,0.0,0.0,34496.457,1.46,0.0,0.0,0.0,0.0,0.0,0.6532446850143884,3.4172056866164597,2767.355,2.053257702497053,1325.737,0.983639506581315,164.73,0.1222225342727404,0.941,0.0006981812951535768,0.0,0.0,0.005,0.016,0.021,0.001,4605.667,880.435
1862,1348529866,1745023024986.4524,0.0,0.0,355.991,6.801,1.948,3096.443,-20.102,-0.645,2.2961619746581126,1.774442489103569,0.26398451304303555,0.20400361193100233,354.592,0.2629470870020761,0.0,3520.7839999999997,40757.695,3517.925,0.0,0.0,37236.91,2.859,0.0,0.0,0.0,0.0,0.0,0.659658360136015,3.40565835121074,2740.452,2.032177461615077,1332.219,0.9879047054045743,165.28,0.12256309939226812,1.399,0.0010374260409594814,0.0,0.0,0.005,0.017,0.023,0.001,4592.632,889.569
1863,1348321144,1766303934459.0962,0.0,0.0,379.535,23.544,6.614,3086.654,-9.789,-0.316,2.289257283945701,1.7475214428173942,0.28148709355254314,0.2148752502871069,378.242,0.2805281232020789,0.0,3900.318,43844.352,3896.1670000000004,0.0,0.0,39944.027,4.152,0.0,0.0,0.0,0.0,0.0,0.6824672327470376,3.4075442786351497,2707.119,2.0077701903931575,1343.444,0.9963828024045286,165.79,0.12296032049765142,1.293,0.0009589703504642214,0.0,0.0,0.006,0.018,0.025,0.001,4594.464,920.185
1864,1347161304,1789291013967.1829,0.0,0.0,409.525,29.991,7.902,3028.223,-58.431,-1.893,2.247854797349494,1.6924150271597689,0.3039910653490682,0.22887556959893782,408.415,0.3031671105659965,0.0,4309.844,46872.57,4304.583,0.0,0.0,42562.727,5.262,0.0,0.0,0.0,0.0,0.0,0.7100923973689197,3.3753233458374337,2618.698,1.9438637320004257,1354.034,1.0051016132808992,166.273,0.12342471499611898,1.11,0.0008239547830717679,0.0,0.0,0.006,0.02,0.027,0.001,4547.105,956.609
1865,1345050344,1813984263510.712,0.0,0.0,434.851,25.326,6.184,3006.283,-21.94,-0.725,2.2350709870529575,1.6572817418943653,0.32329719251014144,0.23972148421971806,433.532,0.3223165600707062,0.0,4744.695000000001,49878.855,4738.113,0.0,0.0,45134.16,6.582,0.0,0.0,0.0,0.0,0.0,0.7342654528922228,3.3718522286032737,2571.432,1.911773794542816,1363.88,1.0139992202403392,166.744,0.12396859399635973,1.32,0.0009813759060307709,0.0,0.0,0.007,0.021,0.029,0.001,4535.311,987.624
1866,1343049641,1840383683089.684,0.0,0.0,449.067,14.216,3.269,3057.194,50.911,1.693,2.2763075218304607,1.6611720849793141,0.3343636648200407,0.2440072709436842,447.115,0.3329102561444339,0.0,5193.763,52936.047,5185.228,0.0,0.0,47742.289,8.533,0.0,0.0,0.0,0.0,0.0,0.7505135843299778,3.422815404333964,2608.127,1.9419438570104202,1374.173,1.023173647533107,167.216,0.12450470548169411,1.952,0.0014534086756068014,0.0,0.0,0.007,0.023,0.031,0.001,4597.011,1007.977
1867,1342220568,1868489272704.0986,0.0,0.0,480.814,31.747,7.07,3051.036,-6.158,-0.201,2.273125649196578,1.6328892247716822,0.3582227924851767,0.2573276748354892,478.829,0.35674389993403827,0.0,5674.577,55987.086,5664.058,0.0,0.0,50312.508,10.518,0.0,0.0,0.0,0.0,0.0,0.7775085741347394,3.426646938403942,2570.223,1.9149036017454324,1382.192,1.029780077099817,167.704,0.12494518710132,1.985,0.0014788925511384356,0.0,0.0,0.008,0.024,0.033,0.001,4599.316,1043.588
1868,1342563126,1898301032353.9565,0.0,0.0,494.494,13.68,2.845,3033.16,-17.876,-0.586,2.2592308259179763,1.5978287680952163,0.36832085614721405,0.2604929310852299,492.205,0.36661590838299246,0.0,6169.069,59020.246,6156.263,0.0,0.0,52851.176,12.807,0.0,0.0,0.0,0.0,0.0,0.7895241418987103,3.417851206498874,2538.667,1.890910714614696,1389.063,1.034635149066354,168.222,0.1252991362135772,2.289,0.0017049477642215537,0.0,0.0,0.008,0.025,0.035,0.001,4588.681,1059.986
1869,1344077315,1929818962039.2568,0.0,0.0,524.731,30.238,6.115,3109.619,76.459,2.521,2.313571522483437,1.611352702594464,0.39040239288615625,0.2719068525710371,522.117,0.3884575642882567,0.0,6693.801,62129.863,6678.38,0.0,0.0,55436.062,15.422,0.0,0.0,0.0,0.0,0.0,0.8156123072429059,3.4788608868084347,2584.888,1.9231691295972806,1399.234,1.0410368394618728,168.783,0.12557536543201014,2.614,0.001944828597899519,0.0,0.0,0.009,0.027,0.037,0.001,4675.858,1096.246
1870,1346763136,1963043061760.0,0.0,0.0,536.123,11.392,2.171,3371.272,261.653,8.414,2.503,1.717,0.398,0.273,532.99,0.396,0.0,7229.924,65501.133,7211.369,0.0,0.0,58271.211,18.555,0.0,0.0,0.0,0.0,0.0,0.825,3.672,2835.148,2.105,1406.288,1.044,169.403,0.126,3.133,0.002,0.0,0.0,0.009,0.028,0.039,0.001,4945.148,1110.549
1871,1350620586,1997973331516.1858,0.0,0.0,569.777,33.653,6.277,3424.298,53.027,1.573,2.5353515528305444,1.7138857391061526,0.42186310937807664,0.2851774801056118,566.495,0.41943311531903454,0.0,7799.7,68925.43,7777.8640000000005,0.0,0.0,61125.734,21.837,0.0,0.0,0.0,0.0,0.0,0.8518513725660035,3.71241861109912,2854.521,2.113488443452468,1419.818,1.0512337918711392,171.858,0.1272437291282335,3.282,0.0024299940590421297,0.0,0.0,0.01,0.03,0.041,0.002,5014.069,1150.528
1872,1355649668,2034609771307.8145,0.0,0.0,630.961,61.185,10.738,3683.467,259.169,7.569,2.7171230790284087,1.8104046544671446,0.4654307192291512,0.3101140124744552,627.263,0.462702875828831,0.0,8430.662,72608.898,8405.127,0.0,0.0,64178.238,25.535,0.0,0.0,0.0,0.0,0.0,0.9024743109367988,3.9076474734178888,3052.506,2.2516923597992573,1438.473,1.0610949376930028,177.436,0.13088632276344128,3.698,0.0027278434003201483,0.0,0.0,0.01,0.031,0.043,0.002,5297.401,1223.439
1873,1361850381,2072952381134.886,0.0,0.0,670.467,39.506,6.261,3650.682,-32.785,-0.89,2.680677738856542,1.7611026829286591,0.4923206024348133,0.32343579432969766,664.798,0.488157883769759,0.0,9101.130000000001,76259.578,9069.925,0.0,0.0,67158.453,31.204,0.0,0.0,0.0,0.0,0.0,0.9336201815843969,3.8828303562372026,2980.215,2.1883571364217285,1453.699,1.0674439867120762,185.414,0.1361485832708373,5.669,0.004162718665054293,0.0,0.0,0.011,0.033,0.046,0.002,5287.834,1271.451
1874,1369222725,2113001160997.4004,0.0,0.0,628.662,-41.805,-6.235,3806.669,155.987,4.273,2.7801678503400535,1.8015460995786379,0.45913786597428846,0.297520896629916,622.419,0.4545783448050791,0.0,9729.792000000001,80066.25,9692.344000000001,0.0,0.0,70336.461,37.447,0.0,0.0,0.0,0.0,0.0,0.8967080209686119,3.98632004884377,3178.007,2.3210299843657647,1458.419,1.0651437296295239,195.068,0.14246623024752966,6.243,0.004559521169209341,0.0,0.0,0.012,0.035,0.048,0.002,5458.16,1227.793
1875,1377766699,2154756110895.3574,0.0,0.0,681.048,52.386,8.333,3943.474,136.804,3.594,2.862221886232424,1.8301254513492868,0.4943130070528726,0.31606732500088225,675.213,0.4900778923529491,0.0,10410.84,84009.727,10367.557,0.0,0.0,73598.883,43.283,0.0,0.0,0.0,0.0,0.0,0.9361686568097259,4.080255390176186,3262.426,2.3679088791795513,1474.55,1.0702465091297726,205.675,0.14928144231478482,5.835,0.0042351146999235175,0.0,0.0,0.012,0.037,0.05,0.002,5621.64,1289.822
1876,1387068619,2198217230828.757,0.0,0.0,690.583,9.535,1.4,3973.975,30.502,0.773,2.865016874842873,1.8078172367440495,0.4978722685672698,0.3141559397838225,684.047,0.4931601729214811,0.0,11101.422999999999,87983.703,11051.603,0.0,0.0,76882.281,49.818,0.0,0.0,0.0,0.0,0.0,0.9398511235441626,4.090412631561381,3283.393,2.3671453272204697,1485.301,1.0708201307811434,216.512,0.15609321488081335,6.536,0.004712095645788668,0.0,0.0,0.013,0.038,0.053,0.002,5673.683,1303.638
1877,1396714801,2243384520797.5996,0.0,0.0,704.033,13.45,1.948,3885.493,-88.482,-2.227,2.781880021045184,1.731978162450089,0.5040635350151201,0.31382627163251187,695.209,0.49774585298462803,0.0,11805.454999999998,91869.195,11746.811999999998,0.0,0.0,80063.742,58.642,0.0,0.0,0.0,0.0,0.0,0.9465661844876518,4.01442584841628,3181.46,2.277816486030064,1496.807,1.0716625891902465,226.854,0.16241970074175507,8.824,0.006317682030492064,0.0,0.0,0.013,0.04,0.055,0.002,5607.008,1322.083
1878,1406705243,2290257980801.8857,0.0,0.0,709.65,5.617,0.798,3986.566,101.073,2.601,2.833973940054477,1.7406624203113519,0.5044766865918335,0.30985592276007745,699.609,0.49733873068389495,0.0,12515.104,95855.766,12446.422999999999,0.0,0.0,83340.656,68.682,0.0,0.0,0.0,0.0,0.0,0.9463567485971188,4.071479813202061,3276.917,2.3294979643436218,1506.971,1.0712770194743633,235.98,0.16775369337270607,10.04,0.007137245026959781,0.0,0.0,0.014,0.042,0.058,0.002,5727.372,1331.245
1879,1417039947,2338837610841.6133,0.0,0.0,759.794,50.145,7.066,4029.951,43.385,1.088,2.843921943436927,1.7230572064171024,0.5361838963033835,0.324859663825311,747.135,0.5272504854797858,0.0,13274.898999999998,99885.711,13193.558999999997,0.0,0.0,86610.812,81.341,0.0,0.0,0.0,0.0,0.0,0.9810033958061735,4.088413324031718,3270.156,2.307737341437136,1522.491,1.0744164292779814,243.165,0.1716006669500052,12.659,0.008933410823597622,0.0,0.0,0.014,0.044,0.06,0.002,5793.445,1390.121
1880,1427718912,2389123410916.784,0.0,0.0,858.056,98.261,12.933,4238.371,208.42,5.172,2.969,1.7740276540899156,0.601,0.35915097398452767,842.692,0.59,0.0,14132.953999999998,104124.078,14036.249,0.0,0.0,89991.125,96.705,0.0,0.0,0.0,0.0,0.0,1.053,4.222,3380.315,2.368,1544.155,1.082,247.687,0.173,15.363,0.011,0.0,0.0,0.015,0.046,0.063,0.002,6027.994,1503.024
1881,1438742137,2441115381027.398,0.0,0.0,887.965,29.909,3.486,4265.046,26.676,0.629,2.964426974310547,1.7471709994326285,0.6171814789907693,0.3637538016028886,870.723,0.6051973995948935,0.0,15020.918999999998,108389.133,14906.973999999998,0.0,0.0,93368.203,113.946,0.0,0.0,0.0,0.0,0.0,1.0710133250236487,4.222340365082391,3377.081,2.347245495319777,1561.758,1.0855023703250306,250.419,0.17405412238927148,17.242,0.011984079395875789,0.0,0.0,0.016,0.048,0.066,0.003,6074.859,1540.912
1882,1450109624,2494813521173.455,0.0,0.0,937.888,49.923,5.622,4494.524,229.478,5.38,3.099437398120461,1.8015470743023572,0.6467704127174319,0.37593511179900013,918.784,0.6335962363077179,0.001,15958.807,112883.656,15825.756999999998,0.0,0.165,96924.844,132.885,0.0,0.0,0.0,0.165,0.00011378450102611001,1.102776627044853,4.361568184447826,3556.636,2.452666985403029,1579.726,1.0893838464725616,252.771,0.17431164914467184,18.939,0.013060391908687864,0.0,0.0,0.016,0.05,0.069,0.003,6324.752,1599.147
1883,1461821371,2550217831354.954,0.0,0.0,997.515,59.626,6.358,4476.418,-18.105,-0.403,3.062219563076835,1.755308093670429,0.6823781754658723,0.39114893941040757,980.632,0.6708288847420333,0.001,16956.323,117360.078,16806.388,0.0,0.546,100403.75,149.386,0.0,0.0,0.0,0.381,0.0002606337597454648,1.1415402956234384,4.328976252188066,3478.904,2.3798420716890725,1599.365,1.094090585709463,254.818,0.17431541572393663,16.501,0.01128797288598403,0.0,0.0,0.017,0.052,0.071,0.003,6328.19,1668.728
1884,1473877380,2607328311571.8955,0.0,0.0,1009.43,11.915,1.195,4641.681,165.263,3.692,3.1492992992402122,1.7802441600465888,0.6848805834851743,0.3871510908388207,989.935,0.6716535672730115,0.001,17965.753,122001.75,17796.323,0.0,1.718,104036.0,167.708,0.0,0.0,0.0,1.172,0.0007951814824649796,1.1418276871852122,4.415090487378265,3632.251,2.464418715755038,1611.34,1.0932659811903755,256.638,0.17412439018502338,18.322,0.012431156247204228,0.0,0.0,0.018,0.054,0.074,0.003,6507.302,1682.914
1885,1486277650,2666144961824.281,0.0,0.0,1017.145,7.715,0.764,4648.389,6.707,0.144,3.1275374422807207,1.7434869695980035,0.6843573271790772,0.38150401218395474,994.47,0.6691010929216354,0.002,18982.896999999997,126650.141,18790.793999999998,0.0,5.434,107667.242,186.667,0.0,0.0,0.0,3.715,0.0024995329775698368,1.1389251530492974,4.391756816096912,3631.244,2.4431801151016432,1623.186,1.0921149221345017,258.307,0.17379458003691303,18.959,0.012756028458074439,0.0,0.0,0.018,0.056,0.077,0.003,6527.37,1692.759
1886,1498820694,2725559217918.8677,0.0,0.0,1032.614,15.469,1.521,4577.955,-70.434,-1.515,3.0543713589799153,1.6796387948215452,0.6889509893569697,0.3788631680468364,1003.114,0.6692688485124425,0.002,20015.511,131228.094,19793.909,0.0,13.11,111212.586,208.49,0.0,0.0,0.0,7.676,0.005121359766867483,1.141959146181898,4.317867391281162,3545.342,2.3654210368141606,1636.274,1.0917076382453523,259.901,0.173403663987575,21.823,0.014560113886444645,0.0,0.0,0.019,0.058,0.08,0.003,6471.709,1711.592
1887,1511305028,2784462515662.4155,0.001,6.616797942658602e-07,1083.728,51.114,4.95,4775.171,197.216,4.308,3.159634164864302,1.714934560311005,0.7170809200801521,0.38920545487831226,1048.458,0.6937434737363952,0.003,21099.236999999997,136003.266,20842.368,0.0,24.897,114904.031,231.972,0.0,0.0,0.0,11.787,0.0077992197350116935,1.172159800423823,4.425962248568659,3691.443,2.4425532447841496,1654.783,1.0949364749946429,261.496,0.17302661948134535,23.481,0.015536903249156662,0.0,0.0,0.02,0.06,0.083,0.003,6688.979,1771.491
1888,1523730650,2842854855054.9253,0.001,6.562839698735469e-07,1200.802,117.074,10.803,4767.22,-7.951,-0.167,3.1286500668605703,1.6769129072922349,0.7880671035920949,0.4223930032392737,1159.447,0.7609264800179744,0.003,22300.039999999997,140770.484,22001.813,0.0,41.671,118470.453,256.552,0.0,0.0,0.0,16.774,0.011008507310658876,1.2495646786392332,4.402197330610893,3566.419,2.340583619552445,1679.934,1.102513754645547,263.171,0.17271490863559122,24.58,0.016131459979491784,0.0,0.0,0.021,0.062,0.086,0.003,6707.763,1904.0
1889,1536097560,2900736236096.3945,0.001,6.510003179745953e-07,1201.516,0.715,0.06,4879.21,111.99,2.349,3.1763672614648253,1.6820591749376343,0.7821872980515638,0.4142107045268325,1160.882,0.7557345511309842,0.004,23501.556,145649.703,23162.696,0.0,53.897,122148.141,284.959,0.0,0.0,0.0,12.227,0.007959780887875377,1.2416542084735815,4.448864563003407,3677.694,2.3941799634132614,1692.225,1.1016390130845595,265.001,0.1725157352635857,28.407,0.01849296603270433,0.0,0.0,0.021,0.064,0.089,0.003,6833.89,1907.302
1890,1548405760,2958106658786.826,0.001,0.0,1306.591,105.075,8.745,5256.924,377.714,7.741,3.395,1.7771245618830935,0.844,0.4416984073643433,1260.252,0.814,0.004,24808.146999999997,150906.625,24422.948,0.0,65.585,126098.469,319.609,0.0,0.0,0.0,11.688,0.008,1.311,4.681,3950.333,2.551,1718.403,1.11,275.117,0.178,34.65,0.022,0.0,0.0,0.022,0.067,0.092,0.004,7247.878,2030.562
1891,1560655247,3014966123126.2183,0.001,6.407565039891222e-07,1368.916,62.324,4.77,5529.553,272.629,5.186,3.543097048902563,1.834034869442051,0.8771418304147732,0.4540402591922231,1319.136,0.8452449716461947,0.005,26177.063,156436.172,25742.085,0.0,74.533,130259.109,360.44,0.0,0.0,0.0,8.947,0.0057328484411906765,1.3473481757371109,4.832981540605425,4160.637,2.665955218487789,1737.434,1.1132721357518365,278.27,0.17830331236505303,40.831,0.026162728814379848,0.0,0.0,0.023,0.069,0.096,0.004,7542.618,2102.746
1892,1572846024,3071314629114.5728,0.001,6.357901439435499e-07,1379.809,10.893,0.796,5481.639,-47.914,-0.867,3.4851720488565765,1.784785885508675,0.8772689627246055,0.44925680583815153,1331.827,0.8467624800379061,0.006,27556.87,161917.812,27073.911,0.0,82.308,134360.938,400.646,0.0,0.0,0.0,7.775,0.0049432683691611,1.346223958156504,4.775352377404745,4101.83,2.6079030861319707,1750.324,1.1128387479078499,281.557,0.17901116555831406,40.206,0.025562578527394363,0.0,0.0,0.024,0.072,0.099,0.004,7510.894,2117.403
1893,1584978089,3127152176751.8867,0.001,6.30923548369633e-07,1362.515,-17.294,-1.253,5651.208,169.57,3.093,3.565480203934857,1.8071419875286663,0.8596427985068505,0.43570473164987394,1312.68,0.8282007234738499,0.006,28919.386000000002,167569.016,28386.592999999997,0.0,89.596,138649.625,443.192,0.0,0.0,0.0,7.288,0.004598170820517886,1.323952056223031,4.852650679135035,4288.694,2.705838036351555,1757.734,1.1089957723699486,284.935,0.1797722012547014,42.546,0.026843273288934405,0.0,0.0,0.025,0.074,0.103,0.004,7691.345,2098.435
1894,1597051443,3182478766038.163,0.001,6.26153906552652e-07,1411.533,49.018,3.598,5715.698,64.489,1.141,3.5789066313751796,1.7959893592991405,0.8838369021779845,0.4435325743766717,1363.134,0.8535316792547427,0.007,30330.921,173284.719,29749.725000000002,0.0,96.294,142953.812,484.893,0.0,0.0,0.0,6.698,0.004193978866089663,1.3512720641898572,4.870792380605864,4304.165,2.6950697291971952,1777.375,1.1129102996590199,288.358,0.18055648818570963,41.701,0.02611124405715214,0.0,0.0,0.026,0.077,0.106,0.004,7778.906,2158.051
1895,1609066086,3237294396973.3994,0.001,6.214785139657713e-07,1495.239,83.706,5.93,5804.726,89.029,1.558,3.6075124884584757,1.7930794324504238,0.9292589117436659,0.46187921660690606,1439.658,0.8947165144589344,0.008,31826.158999999996,179089.438,31189.386000000002,0.0,103.336,147263.297,533.431,0.0,0.0,0.0,7.042,0.004376451695346961,1.4019386895461545,4.9062192464853185,4309.487,2.67825357671481,1800.435,1.1189316682919634,291.784,0.1813374867189886,48.538,0.030165324110870608,0.0,0.0,0.026,0.079,0.11,0.004,7894.431,2255.812
1896,1621117098,3291599069557.5986,0.001,6.168585854986769e-07,1544.661,49.422,3.305,5789.286,-15.44,-0.266,3.5711707730072932,1.758806548933099,0.9528373995349718,0.4692737381918167,1485.242,0.9161842792432259,0.009,33370.819,184878.734,32674.628,0.0,110.184,151507.906,586.002,0.0,0.0,0.0,6.848,0.004224247593494939,1.4268062454301498,4.872639373025724,4244.625,2.6183333734723213,1817.188,1.1209480192651697,295.169,0.18207753182305897,52.571,0.03242887269825094,0.0,0.0,0.027,0.082,0.114,0.004,7899.119,2313.02
1897,1633299560,3345392783790.7563,0.001,6.122575579460757e-07,1617.493,72.832,4.715,6021.85,232.564,4.017,3.686923175317576,1.8000427421190515,0.9903223141748719,0.48349868148133396,1554.674,0.9518609066422573,0.01,34988.311,190900.578,34229.3,0.0,117.471,155912.281,641.532,0.0,0.0,0.0,7.288,0.004462133082311,1.4684348534325204,4.993842648191248,4404.357,2.6966008611427044,1838.661,1.1257340937506894,298.467,0.18273867654749137,55.53,0.03399866219274558,0.0,0.0,0.028,0.085,0.117,0.004,8156.441,2398.394
1898,1645613472,3398675539672.8774,0.001,6.07676114114846e-07,1705.961,88.468,5.469,6062.896,41.047,0.682,3.6842770815624437,1.7838996189037668,1.036671751311477,0.5019487680086693,1640.328,0.9967881449137772,0.011,36694.272000000004,196963.484,35869.628000000004,0.0,125.931,160269.203,698.703,0.0,0.0,0.0,8.46,0.005140939925411598,1.5195798056762628,4.997157680050883,4356.936,2.647605937927081,1861.336,1.131089427542071,301.636,0.1832969923571457,57.172,0.03474205879617398,0.0,0.0,0.029,0.087,0.121,0.005,8223.39,2500.641
1899,1658058835,3451447337203.959,0.001,6.031149069568451e-07,1863.135,157.174,9.213,6310.746,247.849,4.088,3.8061049866182826,1.8284346778161704,1.1236844921730416,0.5398126692871225,1792.199,1.0809019331331509,0.012,38557.409,203274.219,37661.827000000005,0.0,136.836,164716.828,758.734,0.0,0.0,0.0,10.904,0.006576364945457439,1.616653126787265,5.129972966248813,4447.611,2.6824204944452408,1892.892,1.1416313824593565,304.63,0.18372689410626372,60.031,0.036205590979526366,0.0,0.0,0.03,0.09,0.125,0.005,8505.797,2680.506
1900,1670635648,3503708176384.0,0.001,0.0,1961.491,98.355,5.279,6467.588,156.842,2.485,3.871,1.846,1.174,0.56,1882.64,1.127,0.013,40518.901000000005,209741.812,39544.468,0.0,148.377,169222.906,826.042,0.0,0.0,0.0,11.542,0.007,1.674,5.203,4506.097,2.697,1919.434,1.149,307.407,0.184,67.308,0.04,0.0,0.0,0.031,0.093,0.129,0.005,8691.973,2796.57
1901,1683343910,3555458057213.006,0.002,1.188111346777617e-06,2023.964,62.473,3.185,6556.726,89.138,1.378,3.8950602791559095,1.8441297561360008,1.2023472969347067,0.569255484787384,1936.352,1.1503008912777664,0.015,42542.866,216298.531,41480.819,0.0,161.238,173755.672,900.792,0.0,0.0,0.0,12.861,0.0076401500154534676,1.7049564161847355,5.230577036394185,4532.762,2.692712982221203,1940.259,1.1526218667936963,310.321,0.18434795062168846,74.749,0.044405067530140056,0.0,0.0,0.032,0.096,0.133,0.005,8804.86,2870.028
1902,1696183624,3606696979690.97,0.002,1.179117621288861e-06,2074.8,50.836,2.512,6702.02,145.294,2.216,3.9512349401151865,1.8582154358235672,1.2232166203250647,0.5752631872549975,1980.295,1.1675003649251126,0.017,44617.667,223000.562,43461.116,0.0,174.934,178382.891,981.599,0.0,0.0,0.0,13.696,0.008074597470586121,1.7267540840259874,5.2891107266108115,4627.22,2.728018319790122,1957.981,1.1543449496243927,313.687,0.1849369346346195,80.807,0.0476404788117445,0.0,0.0,0.033,0.099,0.137,0.005,8971.303,2928.892
1903,1709154787,3657424943817.8965,0.003,1.7552535456813485e-06,2262.046,187.246,9.025,6858.983,156.963,2.342,4.013084743506031,1.8753585118933638,1.3234880873314372,0.618480497822248,2161.95,1.2649234676952639,0.02,46879.71,229859.547,45623.065,0.0,189.462,182979.844,1067.164,0.0,0.0,0.0,14.528,0.008500107837219543,1.838113799812328,5.363513047341101,4596.937,2.6895966561745936,1993.049,1.1661021079888887,317.409,0.18571109089372373,85.566,0.05006334162992342,0.0,0.0,0.034,0.102,0.141,0.005,9167.074,3141.621
1904,1722257400,3707641949593.784,0.003,1.7418999041606672e-06,2287.509,25.463,1.126,6966.584,107.601,1.569,4.04503066730908,1.8789797112861104,1.3282039026222212,0.6169713880410226,2174.427,1.262544727634789,0.022,49167.218,236826.125,47797.491,0.0,204.627,187658.906,1163.244,1.834,0.0,0.0,15.165,0.008805304015532173,1.8425004299589596,5.396680542641303,4679.075,2.716826764686858,2008.741,1.166341918461201,321.386,0.18660741419952673,96.08,0.0557872475972523,0.0010648814747435545,1.834,0.035,0.105,0.146,0.005,9294.473,3173.26
1905,1735491464,3757347997018.6313,0.004,2.3048226297700764e-06,2437.062,149.553,6.538,7263.804,297.22,4.266,4.1854449593536005,1.933226309025318,1.4042489119381805,0.6486122664000652,2320.889,1.3373093720961107,0.026,51604.280000000006,244089.922,50118.382000000005,0.0,221.796,192485.656,1260.264,3.814,0.0,0.0,17.17,0.009893451138288054,1.924118366046887,5.543682120928024,4826.743,2.781196623621077,2034.703,1.1724073798152659,325.519,0.18756588940503138,97.02,0.055903472885073205,0.0011408872017361878,1.98,0.036,0.109,0.15,0.006,9621.013,3339.291
1906,1748720412,3806543086092.4404,0.004,2.2873868072628182e-06,2544.486,107.424,4.408,7381.79,117.986,1.624,4.221252264996149,1.9392372115713223,1.4550559269162349,0.6684505974190904,2425.438,1.3869787207584787,0.03,54148.765,251471.719,52543.819,0.0,240.823,197322.953,1358.153,5.941,0.0,0.0,19.027,0.010880527195447411,1.9842685978780694,5.590054838337417,4837.304,2.766196338079915,2067.409,1.1822410179541039,329.71,0.18854357605565594,97.889,0.0559775017940375,0.0012163179347620037,2.127,0.037,0.112,0.155,0.006,9775.443,3469.931
1907,1761807679,3855227216815.211,0.005,2.837994214463859e-06,2900.325,355.839,13.985,7648.859,267.069,3.618,4.341483517849964,1.9840228785058989,1.6462211140129785,0.7523097438588712,2758.966,1.565985909180499,0.035,57049.093,259120.578,55302.784,0.0,260.701,202071.484,1477.576,7.995,0.0,0.0,19.877,0.011282162200179626,2.1952066880507677,5.731426943110741,4748.535,2.6952629714358283,2118.702,1.2025728036346015,333.859,0.1894979820893379,119.423,0.06778435661478349,0.0011658480233017532,2.054,0.038,0.115,0.159,0.006,10097.672,3867.532
1908,1774753264,3903400389186.9434,0.115,6.479773968174542e-05,2785.687,-114.638,-3.953,7624.521,-24.338,-0.318,4.296101973530446,1.953302310754789,1.5696193135723682,0.7136564846682928,2635.269,1.4848649969858572,0.15,59834.776000000005,266745.094,57938.054000000004,0.0,280.376,206910.328,1606.368,9.829,0.0,0.0,19.676,0.011086611530243677,2.1093225046746555,5.678183668915906,4838.834,2.7264826599580774,2118.948,1.193939486114392,337.867,0.19037406880915025,128.793,0.07256952423331336,0.0010333830832723572,1.834,0.039,0.119,0.164,0.006,10077.375,3743.527
1909,1787557169,3951062603207.636,0.116,6.489302944358027e-05,2901.167,115.481,4.146,7847.356,222.836,2.923,4.38998882726083,1.986138107158614,1.622978582342616,0.7342751283274308,2740.81,1.5332712416315453,0.266,62735.948,274592.469,60678.862,0.0,303.899,211856.5,1740.74,12.176,0.0,0.0,23.523,0.01315929941035637,2.169903188142454,5.780810918501035,4946.189,2.7670102449182146,2148.498,1.2019184825299425,341.636,0.1911189224740258,134.372,0.07517074269304111,0.0013129650008972663,2.347,0.04,0.122,0.169,0.006,10333.53,3878.826
1910,1800219392,3998213858877.29,0.135,0.0,3043.326,142.159,4.9,7790.212,-57.144,-0.728,4.327,1.948423039628879,1.691,0.7611713898802238,2871.822,1.595,0.401,65779.268,282382.656,63550.683,0.0,328.814,216603.391,1884.847,14.523,0.0,0.0,24.915,0.014,2.244,5.726,4746.886,2.637,2176.726,1.209,345.066,0.192,144.106,0.08,0.001,2.347,0.042,0.126,0.174,0.006,10307.978,4039.324
1911,1812739933,4048687404527.158,0.148,8.164436459181814e-05,3090.098,46.772,1.537,7916.859,126.647,1.626,4.367344071743357,1.9554137449948674,1.7046559982192437,0.7632345230073125,2909.129,1.6048242481123738,0.55,68869.37,290299.531,66459.807,0.0,354.532,221430.156,2037.676,16.797,0.0,0.0,25.718,0.014187363301164723,2.261597444491228,5.770990537339258,4826.761,2.662688073524113,2199.404,1.2133036625723188,349.023,0.19253892610087936,152.83,0.08430883946329437,0.0012544546289310436,2.274,0.043,0.129,0.179,0.007,10461.305,4099.688
1912,1825118793,4106316488488.4937,0.177,9.697998874312177e-05,3246.477,156.379,5.061,7932.678,15.819,0.2,4.346389961258812,1.9318233317471258,1.7787757226825072,0.7906056459849263,3058.458,1.6757583187079703,0.726,72115.847,298232.219,69518.268,0.0,382.847,226116.359,2194.856,19.144,0.0,0.0,28.315,0.015514058651194877,2.340694214746382,5.757140324399695,4686.201,2.567614238576305,2224.509,1.2188297049659496,354.256,0.19410024232871947,157.18,0.08612042164205583,0.0012859436925429762,2.347,0.044,0.133,0.184,0.007,10507.465,4272.045
1913,1837355972,4171101110761.2964,0.203,0.00011048485056438482,3516.533,270.056,8.318,8031.084,98.406,1.241,4.371000569507497,1.9254110094047066,1.9139094729543242,0.8430706680611186,3302.332,1.7973283622363843,0.929,75632.378,306263.281,72820.60399999999,0.0,412.445,230630.922,2376.836,21.565,0.0,0.0,29.598,0.01610901776849587,2.4904825573996066,5.799243131096428,4514.552,2.45709164081352,2267.473,1.2340956431713168,360.489,0.19619986844879073,181.98,0.09904449805766871,0.0013176543015585005,2.421,0.045,0.137,0.189,0.007,10655.274,4575.903
1914,1849451470,4243041271345.5664,0.147,7.948302639160355e-05,3189.786,-326.747,-9.292,7786.192,-244.893,-3.049,4.210000709021037,1.8350497914272748,1.7247200327997794,0.7517687894156272,2971.208,1.6065347202649227,1.076,78822.167,314049.5,75791.807,0.0,442.582,235227.312,2562.858,23.839,0.0,0.0,30.136,0.016294561111138535,2.278832436733255,5.618948195488471,4596.406,2.485280676221258,2242.105,1.2123081012771857,367.449,0.19867999023515875,186.022,0.10058225534298557,0.0012295537552007244,2.274,0.046,0.14,0.193,0.007,10391.972,4214.59
1915,1861405287,4322136970241.3037,0.16,8.59565625591779e-05,3140.277,-49.51,-1.552,7711.419,-74.772,-0.96,4.142794185584582,1.784168121717224,1.687046352522797,0.7265565671845609,2908.253,1.5623964433276052,1.236,81962.44,321760.906,78700.065,0.0,474.447,239798.453,2760.434,26.259,0.0,0.0,31.866,0.01711932389069227,2.238289011585901,5.552468918070716,4571.143,2.455748370290301,2252.618,1.2101706252433138,374.86,0.20138548150583394,197.577,0.10614399850471683,0.0013006302372235606,2.421,0.048,0.144,0.198,0.007,10335.395,4166.363
1916,1873569742,4408388207448.508,0.181,9.660702558463927e-05,3391.973,251.696,8.015,7914.631,203.212,2.635,4.224358892320327,1.7953570846204672,1.8104332728917438,0.7694360932798181,3135.491,1.6735384489359457,1.417,85354.409,329675.531,81835.557,0.0,512.824,244321.125,2975.644,28.973,0.0,0.0,38.377,0.020483358126307742,2.376223259907877,5.652027123738637,4522.658,2.413925619428583,2295.839,1.225382193432114,382.447,0.20412744261750573,215.21,0.11486628716060894,0.0014485716432967458,2.714,0.049,0.147,0.203,0.007,10589.467,4452.02
1917,1886297156,4501794982967.181,0.148,7.84605964809078e-05,3548.138,156.165,4.604,8093.514,178.883,2.26,4.290688757206609,1.7978415344595455,1.881006918084968,0.7881607255382795,3265.608,1.7312266996812458,1.566,88902.557,337769.031,85101.167,0.0,553.333,248866.484,3215.023,31.467,0.0,0.0,40.509,0.02147540745165604,2.4552372277446195,5.730020302273095,4545.375,2.409681308982475,2328.251,1.2342970420085817,389.937,0.20672087574307937,239.379,0.12690418327704886,0.0013221670785363787,2.494,0.05,0.151,0.208,0.008,10808.521,4631.307
1918,1899587529,4602357296797.319,0.12,6.317160866136641e-05,3499.686,-48.452,-1.366,8048.176,-45.338,-0.56,4.236801872581677,1.7487073429958493,1.8423399535805227,0.7604116269797991,3215.893,1.6929427841068965,1.685,92402.245,345817.219,88317.057,0.0,589.852,253414.984,3460.051,33.594,0.0,0.0,36.519,0.01922469980587033,2.4036581259320324,5.66590211595351,4548.49,2.394461919001154,2320.674,1.2216725813217317,397.053,0.20902063944851262,245.028,0.12899010772564407,0.0011197167635227194,2.127,0.051,0.154,0.213,0.008,10762.877,4565.959
1919,1913440861,4710075148938.926,0.125,6.532733911340884e-05,3033.839,-465.847,-13.311,7515.103,-533.073,-6.624,3.9275334572255693,1.5955378125321384,1.5855410333478814,0.6441168992141146,2720.154,1.4216033823895642,1.81,95436.08099999999,353332.344,91037.21399999999,0.0,627.8,257896.25,3733.463,35.795,0.0,0.0,37.948,0.01983233491740511,2.121804798230448,5.3335993852804,4481.264,2.341992423877688,2289.851,1.1967189823694269,403.522,0.2108881482697677,273.412,0.14289022753340272,0.001150283787108903,2.201,0.052,0.158,0.218,0.008,10205.527,4059.948
1920,1927857152,4824948539392.0,0.149,0.0,3537.837,503.998,16.613,8141.36,626.257,8.333,4.223,1.687,1.835,0.733,3132.615,1.625,1.959,98973.917,361473.688,94169.82299999999,0.0,669.486,262499.781,4094.503,38.142,0.0,0.0,41.685,0.022,2.397,5.656,4603.523,2.388,2355.94,1.222,409.068,0.212,361.04,0.187,0.001,2.347,0.053,0.161,0.223,0.008,10903.477,4620.669
1921,1942836401,4946977468156.54,0.13,6.691247906055678e-05,3106.184,-431.653,-12.201,7945.138,-196.222,-2.41,4.089452923524877,1.6060590635681034,1.5987882450633577,0.6278953199189524,2672.102,1.37536130094363,2.088,102080.10399999999,369418.844,96841.93299999999,0.0,704.478,267338.719,4491.776,39.829,0.0,0.0,34.992,0.01801078051759233,2.1265408646211585,5.491575098401711,4838.954,2.490664678461519,2312.732,1.1903894732513816,414.325,0.2132577914366553,397.273,0.2044809330294198,0.0008683180936550715,1.687,0.054,0.165,0.228,0.008,10669.232,4131.521
1922,1958378610,5076161935232.548,0.193,9.855091299225332e-05,3254.463,148.279,4.774,8057.033,111.895,1.408,4.114134498231677,1.5872293088362426,1.6618150256451176,0.641126709810314,2773.431,1.4161873428550162,2.281,105334.557,377475.844,99615.35399999999,0.0,744.585,272141.281,4930.087,42.25,0.0,0.0,40.107,0.02047969672217774,2.2037235179973704,5.533615892587798,4802.57,2.45231947258656,2362.875,1.2065465727283449,419.998,0.21446210546590885,438.311,0.22381320841734478,0.0012362267375867631,2.421,0.055,0.169,0.232,0.008,10836.915,4315.725
1923,1974483777,5212501940620.023,0.208,0.00010534399037505994,3690.698,436.235,13.404,8598.434,541.401,6.72,4.354775714118213,1.6495790501283192,1.8691964162944854,0.7080473143307826,3149.712,1.5952078394817828,2.489,109025.261,386074.281,102765.07299999999,0.0,797.111,277049.0,5415.625,44.964,0.0,0.0,52.526,0.026602396338655764,2.4400696810587164,5.806208252274741,4907.735,2.4855787913622347,2442.961,1.2372656734165712,425.921,0.21571258521411493,485.538,0.2459062999938743,0.001374536489797657,2.714,0.057,0.173,0.238,0.009,11464.264,4817.878
1924,1991151903,5355997484318.967,0.216,0.00010847992042925517,3702.777,12.079,0.327,8624.079,25.645,0.298,4.331200943035234,1.6101723395593754,1.8596155292929453,0.6913328489867319,3155.947,1.5849855529580859,2.705,112728.034,394698.344,105921.018,0.0,856.82,281970.344,5899.816,47.678,0.0,0.0,59.709,0.029987164670881465,2.432893739900667,5.787684496917059,4921.301,2.4715849115204347,2471.401,1.241191591799915,431.93,0.2169246853287416,484.191,0.2431713016322291,0.0013630301113194375,2.714,0.058,0.176,0.243,0.009,11524.159,4844.261
1925,2008382988,5506648566329.377,14.429,0.007184386686310649,3740.634,37.857,1.022,8659.077,34.998,0.406,4.311467011888472,1.5724767788789487,1.8625102992557314,0.6792941214502513,3153.673,1.570254786483981,17.134,116468.667,403357.438,109074.69,0.0,920.743,286888.781,6405.345,50.758,0.0,0.0,63.922,0.03182759482724716,2.4355354677003467,5.770018999981691,4918.444,2.448957210545741,2494.893,1.2422396599188879,437.86,0.2180161864625394,505.529,0.2517094613032044,0.0015340699549880872,3.081,0.059,0.18,0.248,0.009,11588.408,4891.488
1926,2026313966,5664455186651.254,14.74,0.007274292260392978,3677.407,-63.226,-1.69,8607.713,-51.364,-0.593,4.247966082468387,1.5196012178337592,1.8148258669209607,0.6492075369695053,3084.034,1.5219921748296334,31.874,120146.08099999999,411965.156,112158.72899999999,0.0,989.887,291819.094,6911.825,53.766,0.0,0.0,69.145,0.03412353720114467,2.3798419597923255,5.700318999824729,4930.306,2.433140215547426,2503.064,1.2352794492855013,443.545,0.21889253464287675,506.481,0.24995188726839185,0.001483975361397672,3.007,0.06,0.184,0.254,0.009,11550.636,4822.307
1927,2045081771,5829417345284.599,15.448,0.007553732187660285,4012.947,335.54,9.124,8978.803,371.089,4.311,4.39043715871056,1.5402573650457418,1.962242809507689,0.6883959000201045,3364.386,1.6451107470166777,47.322,124159.026,420943.938,115523.112,0.0,1065.904,296784.938,7465.987,56.7,0.0,0.0,76.017,0.03717064084084489,2.551229038362007,5.86804555699108,4965.856,2.428194349202871,2576.835,1.2600156319128424,448.819,0.2194626182504856,554.162,0.2709730280022138,0.0014346614602922887,2.934,0.061,0.188,0.259,0.009,12000.633,5217.472
1928,2064686402,6001535042229.41,35.583,0.01723409422638315,3996.312,-16.635,-0.415,8936.3,-42.503,-0.473,4.328163343035375,1.489002386409528,1.9355539883097461,0.66588164059365,3307.565,1.6019696728743216,82.905,128155.339,429880.281,118830.67499999999,0.0,1148.527,301724.938,8033.593,59.634,0.0,0.0,82.623,0.040017215166412476,2.520237453474545,5.802074827632831,4939.988,2.3926093547256286,2593.685,1.2562125645267848,453.518,0.21965466501871211,567.606,0.27491148265914717,0.0014210390484278494,2.934,0.063,0.192,0.264,0.01,11979.465,5203.5
1929,2085127859,6180808277485.69,36.873,0.017683807657571562,4288.211,291.9,7.304,9182.316,246.017,2.753,4.403718438831716,1.4856173477258061,2.0565698076935055,0.6937945342230246,3523.869,1.690001399573646,119.778,132443.557,439062.594,122354.54999999999,0.0,1251.422,306619.031,8655.308,62.494,0.0,0.0,102.894,0.04934661419244891,2.656930593530572,5.893232372758778,4894.105,2.3471486311382117,2652.568,1.272136856524538,457.477,0.21939997493458266,621.715,0.2981663677440703,0.0013720981126654258,2.861,0.064,0.196,0.27,0.01,12288.143,5540.04
1930,2106406144,6367237051053.436,35.561,0.017,3958.096,-330.116,-7.698,8978.353,-203.964,-2.221,4.262,1.4100861846371127,1.879,0.6216347794598205,3216.241,1.527,155.339,136401.65099999998,448040.938,125570.792,0.0,1355.646,311639.281,9255.104,64.768,0.0,0.0,104.224,0.049,2.468,5.739,5020.257,2.383,2655.119,1.26,460.53,0.219,599.795,0.285,0.001,2.274,0.065,0.2,0.276,0.01,12089.384,5198.158
1931,2128521254,6551039473257.715,30.894,0.014514301861887822,3539.32,-418.776,-10.58,8724.165,-254.188,-2.831,4.0986976209916675,1.3317222458532416,1.6628069808317734,0.5402684588374125,2833.185,1.3310578856921294,186.233,139940.964,456765.125,128403.964,0.0,1448.533,316824.125,9835.623,66.602,0.0,0.0,92.887,0.04363921658073328,2.231274407561072,5.554675095576941,5184.844,2.4358901703501616,2641.003,1.2407689117676999,463.026,0.21753412099121092,580.52,0.2727339456484469,0.0008616310485758485,1.834,0.066,0.204,0.281,0.01,11823.244,4749.315
1932,2151473191,6722433654423.588,24.694,0.0114777168050708,3192.592,-346.729,-9.796,8426.001,-298.163,-3.418,3.916386704350991,1.25341527089009,1.4839097290894385,0.4749161039170936,2522.349,1.1723822590731972,210.927,143133.557,465191.094,130926.323,0.0,1536.752,322057.531,10391.633,67.922,0.0,0.0,88.219,0.0410039968748093,2.0375289909898764,5.356102064485357,5233.41,2.4324774400593494,2637.243,1.2257847371894117,465.486,0.21635686744655327,556.01,0.2584322232440032,0.0006135330923582027,1.32,0.067,0.208,0.286,0.01,11523.51,4383.689
1933,2175261955,6881419594551.056,23.839,0.010959139861387407,3362.683,170.092,5.328,8660.049,234.047,2.778,3.9811522378232373,1.2584683844678393,1.5458749656659168,0.4886612353449117,2638.778,1.2130851615064449,234.766,146496.245,473851.125,133565.104,0.0,1627.669,327354.906,10999.24,69.462,0.0,0.0,90.917,0.04179588568219132,2.1071374826670013,5.426483450817306,5297.366,2.4352772721573204,2681.493,1.232721876938265,468.002,0.21514742117576363,607.609,0.27932681790501873,0.0007079607108744748,1.54,0.069,0.212,0.291,0.011,11804.023,4583.576
1934,2199887546,7027997293640.118,28.514,0.012961571627534457,3656.187,293.504,8.728,8993.966,333.917,3.856,4.088375342800363,1.279733845108187,1.6619881350971564,0.5202317028933139,2880.432,1.309354200962416,263.281,150152.433,482845.094,136445.542,0.0,1729.619,332692.688,11642.918,71.076,0.0,0.0,101.95,0.04634327794862656,2.24085726971064,5.5488004476388815,5337.779,2.4263872077032067,2747.953,1.249133395475843,470.664,0.21394911792459415,643.677,0.29259541069287004,0.0007336738657094975,1.614,0.07,0.216,0.297,0.011,12206.737,4929.634
1935,2225349963,7162166751690.777,32.058,0.014405824042517128,3835.742,179.555,4.911,9096.908,102.942,1.145,4.0878550121332085,1.27013351062407,1.7236578802324765,0.5355560870032094,2998.322,1.3473485293782532,295.338,153988.167,491942.031,139443.854,0.0,1840.992,337953.844,12334.928,73.057,0.0,0.0,111.373,0.050047409104974114,2.312584126346693,5.5554933855587905,5261.165,2.3641966825332092,2798.561,1.2575824236774213,473.563,0.21280383214943346,692.01,0.31096681937932114,0.0008897476949336799,1.98,0.071,0.22,0.303,0.011,12362.917,5146.309
1936,2250179030,7283927968703.031,38.736,0.017214630250998297,4207.931,372.188,9.703,9508.503,411.595,4.525,4.225665101856362,1.3054087081661618,1.8700427583311001,0.5777007979870591,3287.664,1.4610677444629816,334.075,158196.104,501450.531,142731.52599999998,0.0,1966.522,343254.438,13088.436,75.55,0.0,0.0,125.53,0.05578667222758715,2.478621445512271,5.713692478949108,5300.572,2.3556223435252615,2877.913,1.2789706781686612,476.793,0.21189114005742024,753.507,0.3348653551357645,0.001108356253768839,2.494,0.073,0.224,0.308,0.011,12856.831,5577.342
1937,2272904570,7393280944676.88,40.804,0.017952359522071797,4496.715,288.785,6.863,9865.007,356.505,3.749,4.340264492494729,1.3343205910635316,1.978400263412731,0.6082164378235362,3465.936,1.5248928818863698,374.878,162692.823,511315.531,146197.464,0.0,2107.097,348622.719,13935.121,78.264,0.0,0.0,140.575,0.06184817517437611,2.5996656780007266,5.842658409543345,5368.292,2.361864229081998,2941.116,1.2939900947975127,480.443,0.21137843019955738,846.686,0.3725127799800235,0.0011940668498897867,2.714,0.074,0.229,0.315,0.012,13279.805,5908.792
1938,2293526584,7490225679612.324,38.521,0.016795532377400165,4229.619,-267.096,-5.94,9647.704,-217.303,-2.203,4.206493208887959,1.288039160990853,1.8441552103675112,0.5646851217731151,3230.527,1.408541336532422,413.399,166922.433,520963.219,149427.979,0.0,2242.591,354040.812,14757.999,80.465,0.0,0.0,135.494,0.05907670787215955,2.4540766343260314,5.700390870202357,5418.085,2.362337998520448,2948.61,1.2856227700040472,484.605,0.21129251493341314,822.877,0.3587824120899747,0.0009596575053258681,2.201,0.076,0.233,0.321,0.012,13073.998,5628.49
1939,2312045071,7574762173509.365,35.659,0.015423142242022495,4470.135,240.516,5.686,9827.297,179.593,1.862,4.250478125735465,1.2973736699441538,1.9334117038067031,0.5901353597124225,3435.721,1.4860095259795219,449.059,171392.557,530790.562,152863.698,0.0,2383.92,359397.938,15612.563,83.326,0.0,0.0,141.329,0.06112726856958404,2.5543278001261767,5.759236343191512,5357.162,2.3170664219287618,3006.318,1.3002852053830052,489.371,0.21166153122972575,854.565,0.3696143343911482,0.0012374326244265503,2.861,0.078,0.238,0.327,0.012,13315.614,5905.721
1940,2328460032,7646890426368.0,31.431,0.013,4884.664,414.529,9.273,10343.007,515.71,5.248,4.442,1.353,2.098,0.639,3795.422,1.63,480.489,176277.245,541133.562,156659.12,0.0,2537.437,364856.312,16513.631,86.553,0.0,0.0,153.517,0.066,2.734,5.97,5458.343,2.344,3072.626,1.32,494.831,0.213,901.067,0.387,0.001,3.227,0.079,0.242,0.334,0.012,13902.012,6365.141
1941,2342771465,7706610438188.23,43.293,0.018479395300300877,4999.093,114.429,2.343,10737.394,394.386,3.813,4.583201631235507,1.3932706325459843,2.1338372413546534,0.6486759698178349,3885.896,1.6586748037756214,523.782,181276.323,551870.938,160545.011,0.0,2690.9,370594.625,17426.037,90.587,0.0,0.0,153.463,0.06550489550204591,2.7785983811272006,6.131963452098816,5738.3,2.4493639630359763,3125.017,1.3338974998997608,512.714,0.21884934474391854,912.407,0.3894562545391084,0.0017218922375768309,4.034,0.081,0.247,0.341,0.012,14365.789,6509.621
1942,2354979373,7753922208970.055,38.376,0.01629568413209197,4982.524,-16.569,-0.331,10751.767,14.373,0.134,4.565546145868514,1.3866230160991189,2.115739975103383,0.6425811177517375,3910.548,1.660544480701063,562.159,186258.854,562622.688,164455.557,0.0,2856.949,376363.844,18289.553,94.621,0.0,0.0,166.049,0.07050974709322858,2.7632857742232124,6.137877964334934,5769.243,2.4498061707651315,3161.399,1.3424317156428869,551.397,0.2341409042991223,863.516,0.3666766723735546,0.0017129661712752505,4.034,0.083,0.252,0.348,0.013,14454.576,6507.481
1943,2365083754,7788825738713.476,34.769,0.014700959296344648,5075.273,92.749,1.861,10796.097,44.33,0.412,4.564784220322372,1.3861007245725403,2.1459168164409963,0.651609519875882,3926.667,1.6602655163306321,596.928,191334.12,573418.75,168382.229,0.0,3039.849,382084.688,19216.162,98.949,0.0,0.0,182.9,0.07733341353796302,2.808489546624318,6.180133356917897,5720.823,2.418866981063369,3225.13,1.363643039932699,605.947,0.25620530307866635,926.609,0.3917869709403957,0.0018299563356604918,4.328,0.085,0.257,0.355,0.013,14616.533,6642.313
1944,2373084608,7811321027418.491,22.664,0.00955043908826364,5162.486,87.213,1.718,10860.886,64.79,0.6,4.576695648939964,1.3904032316527821,2.175432760634213,0.6608979431109252,3869.074,1.63039867476988,619.592,196496.604,584279.625,172251.307,0.0,3237.45,387783.062,20284.982,103.277,0.0,0.0,197.601,0.08326757475644121,2.846135775029223,6.233309571067767,5698.4,2.4012628883057507,3271.15,1.3784379996282037,671.435,0.2829376574844819,1068.82,0.45039270677364734,0.001823786638457688,4.328,0.087,0.262,0.362,0.013,14792.171,6754.121
1945,2378981935,7821408075085.102,22.986,0.009662116244695233,4289.312,-873.174,-16.914,9981.611,-879.275,-8.096,4.195748968560369,1.2761910520685107,1.8030031825357262,0.5484066243344974,2999.808,1.2609629168957939,642.577,200785.917,594261.312,175251.104,0.0,3454.148,393475.344,21330.842,107.238,0.0,0.0,216.698,0.09108854372195979,2.4497878332985326,5.864720868508823,5692.299,2.3927457860246424,3239.49,1.3617127361666999,742.927,0.3122877854051464,1045.86,0.43962502809000936,0.0016649979311423398,3.961,0.089,0.266,0.369,0.014,13952.065,5828.001
1946,2387422823,7850120160405.707,36.306,0.0152071931499668,4608.547,319.234,7.443,10256.1,274.488,2.75,4.295887557576558,1.3064895556286553,1.9303438651930822,0.5870670646857745,3235.935,1.3554092592336753,678.883,205394.479,604517.375,178487.042,0.0,3677.983,399122.938,22439.352,111.199,0.0,0.0,223.835,0.09375591028267555,2.6078107907909533,6.030850866168502,5647.553,2.365543692383475,3339.43,1.398759351644181,815.492,0.3415783715158025,1108.51,0.46431239130363294,0.0016591112231316722,3.961,0.091,0.271,0.376,0.014,14398.191,6225.947
1947,2403054358,7928490562072.696,43.141,0.01795256934425118,5165.206,556.659,12.079,10801.527,545.428,5.318,4.494915799153969,1.3623686520699123,2.1494336916701573,0.651474068053843,3623.063,1.5076908218652956,722.024,210559.683,615318.938,182110.104,0.0,3925.873,404759.25,23685.916,115.746,0.0,0.0,247.89,0.10315621832471257,2.862057604774332,6.295173452751334,5636.322,2.3454825236208827,3455.758,1.4380690093403206,884.198,0.36794756517114124,1246.564,0.51874149074076,0.001892591395138137,4.548,0.093,0.276,0.383,0.014,15127.644,6877.68
1948,2425876539,8056519280086.077,51.635,0.02128508980975804,5447.885,282.679,5.473,10998.176,196.648,1.821,4.533691563929998,1.3651274970799168,2.245738772116465,0.6762082743928832,3740.633,1.5419717120237173,773.659,216007.557,626317.062,185850.761,0.0,4205.997,410309.531,25056.566,120.587,0.0,0.0,280.124,0.11547331263423377,2.9659905952864323,6.365156574029591,5550.292,2.287953204035665,3511.886,1.4476771358890659,944.113,0.3891842741466078,1370.651,0.5650126780833672,0.0019955673432562925,4.841,0.095,0.281,0.391,0.015,15441.084,7195.127
1949,2455889368,8234206314445.845,58.189,0.02369365687159895,5204.035,-243.85,-4.476,10680.231,-317.944,-2.891,4.348824152733577,1.2970565215572656,2.119002210689158,0.6320020171063964,3547.168,1.4443517066441407,831.848,221211.589,636997.312,189397.917,0.0,4506.453,415785.75,26350.607,124.768,0.0,0.0,300.456,0.1223410158107741,2.841614158573938,6.196792574737837,5476.196,2.2298219420444187,3560.849,1.4499223973186728,990.305,0.40323681225366986,1294.042,0.5269138002962355,0.0017024382508748252,4.181,0.097,0.285,0.398,0.015,15218.637,6978.69
1950,2493092843,8461551665152.0,66.9,0.027,5930.244,726.208,13.955,12137.298,1457.066,13.643,4.868,1.434,2.379,0.701,3881.695,1.557,898.748,227141.839,649134.625,193279.604,73.624,4859.604,421992.781,27900.494,129.756,73.624,0.03,353.151,0.142,3.068,6.686,6207.054,2.49,3655.065,1.466,1017.843,0.408,1549.885,0.622,0.002,4.988,0.1,0.291,0.406,0.016,16669.635,7648.897
1951,2536927039,8738555332204.547,75.766,0.03,6381.429,451.185,7.608,12941.234,803.936,6.624,5.101,1.4809351784164086,2.515,0.7302613255170755,4085.879,1.611,974.514,233523.261,662075.875,197365.495,153.5,5275.786,428552.594,29618.721,135.257,79.875,0.031,416.182,0.164,3.218,6.934,6559.806,2.586,3780.555,1.49,1034.926,0.408,1718.226,0.677,0.002,5.501,0.102,0.297,0.415,0.016,17591.742,8163.066
1952,2584086332,9065217315603.48,80.746,0.031,6467.46,86.032,1.348,12945.541,4.307,0.033,5.01,1.4280453020930368,2.503,0.7134368404900677,4031.568,1.56,1055.26,239990.729,675021.375,201397.057,238.863,5722.867,435030.656,31436.066,140.612,85.364,0.033,447.081,0.173,3.211,6.849,6478.081,2.507,3867.958,1.497,1053.106,0.408,1817.347,0.703,0.002,5.355,0.105,0.302,0.424,0.017,17698.887,8297.898
1953,2634106246,9441537615348.8,89.546,0.034,6650.885,183.425,2.836,13239.966,294.425,2.274,5.026,1.4023103586937171,2.525,0.7044281631826443,4062.39,1.542,1144.806,246641.604,688261.375,205459.448,320.212,6197.39,441619.75,33372.691,147.067,81.348,0.031,474.524,0.18,3.242,6.874,6589.081,2.501,3967.484,1.506,1072.478,0.407,1936.623,0.735,0.002,6.455,0.108,0.308,0.434,0.017,18106.271,8540.737
1954,2685894869,9867516231440.512,97.134,0.036,6789.529,138.644,2.085,13769.99,530.024,4.003,5.127,1.395486936836767,2.528,0.6880686933523117,4054.793,1.51,1241.939,253431.136,702031.312,209514.245,397.824,6698.74,448600.219,35425.613,152.788,77.612,0.029,501.35,0.187,3.26,6.988,6980.46,2.599,4078.969,1.519,1093.141,0.407,2052.92,0.764,0.002,5.721,0.111,0.314,0.443,0.018,18767.93,8756.941
1955,2740213784,10343153163878.61,107.436,0.039,7443.896,654.367,9.638,14567.124,797.134,5.789,5.316,1.408383282080049,2.717,0.7196931034528538,4387.063,1.601,1349.375,260875.026,716598.5,213901.307,494.659,7245.97,455723.438,37723.973,159.756,96.836,0.035,547.23,0.2,3.488,7.214,7123.228,2.6,4283.306,1.563,1115.189,0.407,2298.363,0.839,0.003,6.968,0.115,0.321,0.454,0.018,19766.9,9558.141
1956,2795409978,10863322970302.738,116.488,0.042,7926.013,482.117,6.477,15145.513,578.389,3.971,5.418,1.3941878595898844,2.835,0.7296122026075709,4608.936,1.649,1465.863,268801.057,731744.0,218510.245,602.833,7833.201,462942.938,40222.113,166.798,108.174,0.039,587.231,0.21,3.626,7.333,7219.5,2.583,4426.874,1.584,1138.72,0.407,2498.143,0.894,0.003,7.042,0.118,0.328,0.464,0.019,20498.287,10136.234
1957,2852618346,11422900208352.543,122.452,0.043,8185.645,259.632,3.276,15509.211,363.698,2.401,5.437,1.3577297111165783,2.87,0.7165995369559975,4692.079,1.645,1588.314,276986.683,747253.188,223202.307,709.219,8479.871,470266.5,42833.355,173.619,106.386,0.037,646.67,0.227,3.674,7.364,7323.566,2.567,4568.36,1.601,1163.831,0.408,2611.238,0.915,0.002,6.822,0.122,0.334,0.475,0.019,21006.021,10480.514
1958,2911249658,12021884878028.023,129.694,0.045,8417.188,231.542,2.829,15608.502,99.291,0.64,5.361,1.298340664410047,2.891,0.70015543198087,4761.802,1.636,1718.008,285403.87,762861.688,227964.12,804.334,9185.702,477457.812,45551.941,179.781,95.115,0.033,705.831,0.242,3.708,7.3,7191.314,2.47,4672.241,1.605,1190.618,0.409,2718.585,0.934,0.002,6.161,0.126,0.341,0.487,0.02,21251.504,10795.874
1959,2965950358,12660276979329.176,145.245,0.049,8854.689,437.502,5.198,16598.379,989.877,6.342,5.596,1.3110597048627517,2.985,0.6994072100047514,4954.151,1.67,1863.253,294258.557,779460.062,232918.261,896.027,9943.935,485201.5,48449.016,188.069,91.694,0.031,758.234,0.256,3.845,7.578,7743.69,2.611,4885.426,1.647,1219.178,0.411,2897.077,0.977,0.003,8.289,0.13,0.349,0.499,0.02,22477.309,11403.262
1960,3015470890,13338076512256.0,157.394,0.052,9387.011,532.321,6.012,16093.021,-505.359,-3.045,5.337,1.207,3.113,0.704,5157.615,1.71,2020.647,303645.589,795553.125,238075.886,985.167,10778.494,491907.5,51569.812,215.577,89.14,0.03,834.559,0.277,3.986,7.338,6706.009,2.224,5034.494,1.67,1249.606,0.414,3120.795,1.035,0.009,27.507,0.134,0.356,0.511,0.021,22127.307,12019.466
1961,3064869656,14055283476808.5,164.145,0.054,9415.042,28.031,0.299,16235.569,142.549,0.886,5.297,1.1551221308904238,3.072,0.6698578520692954,4943.317,1.613,2184.792,313060.62,811788.688,243019.198,1071.386,11660.544,498728.031,54879.902,244.795,86.218,0.028,882.05,0.288,3.941,7.299,6820.527,2.225,5090.18,1.661,1321.779,0.431,3310.092,1.08,0.01,29.219,0.139,0.363,0.523,0.021,22371.979,12078.025
1962,3123374299,14811897872986.672,176.367,0.056,9747.287,332.245,3.529,16077.982,-157.586,-0.971,5.148,1.0854775085455024,3.121,0.6580714425378735,4927.626,1.578,2361.159,322807.933,827866.688,247946.839,1157.317,12628.277,505058.75,58439.254,275.072,85.931,0.028,967.733,0.31,3.992,7.153,6330.696,2.027,5181.653,1.659,1366.804,0.438,3559.353,1.14,0.01,30.277,0.143,0.37,0.535,0.022,22341.621,12467.232
1963,3192807820,15607919700790.52,185.984,0.058,10266.772,519.485,5.33,16428.055,350.072,2.177,5.145,1.0525460993477525,3.216,0.6577924666975319,5107.101,1.6,2547.143,333074.683,844294.688,253053.933,1247.823,13675.15,511220.031,62243.816,306.824,90.506,0.028,1046.872,0.328,4.109,7.161,6161.282,1.93,5321.518,1.667,1411.2,0.442,3804.558,1.192,0.01,31.751,0.148,0.377,0.548,0.023,22862.531,13117.811
1964,3264487340,16443348960220.04,206.155,0.063,10824.466,557.693,5.432,16683.293,255.238,1.554,5.111,1.014592163698553,3.316,0.6582884074397914,5212.51,1.597,2753.298,343899.151,860978.0,258266.43300000002,1360.615,14828.067,517078.844,66348.922,341.804,112.792,0.035,1152.918,0.353,4.211,7.125,5858.828,1.795,5439.636,1.666,1461.375,0.448,4105.11,1.258,0.011,34.98,0.153,0.385,0.561,0.023,23258.209,13748.163
1965,3334533717,17318185651275.234,216.437,0.065,11310.601,486.135,4.491,16935.701,252.409,1.513,5.079,0.977914276993152,3.392,0.6531054249997105,5288.551,1.586,2969.736,355209.745,877913.688,263554.995,1491.057,16058.667,522703.969,70758.969,376.336,130.443,0.039,1230.599,0.369,4.31,7.112,5625.101,1.687,5596.354,1.678,1518.312,0.455,4410.039,1.323,0.01,34.532,0.158,0.392,0.574,0.024,23714.189,14372.304
1966,3404041107,18218767872630.973,233.017,0.068,11862.646,552.047,4.881,17085.477,149.775,0.884,5.019,0.9377954162128903,3.485,0.6511222977828586,5349.521,1.572,3202.752,367072.401,894999.188,268904.526,1635.624,17398.576,527926.812,75518.367,412.557,144.566,0.042,1339.91,0.394,4.434,7.085,5222.83,1.534,5813.707,1.708,1582.005,0.465,4759.411,1.398,0.011,36.221,0.163,0.4,0.588,0.025,24118.213,15092.499
1967,3473412894,19131433722962.113,239.892,0.069,12237.369,374.723,3.159,17638.225,552.747,3.235,5.078,0.9219499832273459,3.523,0.6396472515968497,5261.415,1.515,3442.644,379309.745,912637.438,274165.933,1826.406,18831.605,533327.625,80593.43,449.756,190.783,0.055,1433.029,0.413,4.464,7.136,5400.855,1.555,5897.157,1.698,1638.663,0.472,5075.051,1.461,0.011,37.2,0.169,0.408,0.602,0.025,24786.098,15503.701
1968,3545187239,20056183202268.67,255.286,0.072,12905.283,667.914,5.458,18237.686,599.462,3.399,5.144,0.9093298468642343,3.64,0.6434565774479069,5319.157,1.5,3697.93,392215.026,930875.125,279485.089,2030.207,20391.271,538660.062,86122.203,488.35,203.8,0.057,1559.666,0.44,4.581,7.199,5332.403,1.504,6004.143,1.694,1690.432,0.477,5528.78,1.56,0.011,38.593,0.174,0.416,0.616,0.026,25522.775,16241.9
1969,3619491592,20993016310550.633,270.616,0.075,13761.785,856.501,6.637,19597.758,1360.073,7.457,5.415,0.933537025365459,3.802,0.6555410997839137,5517.706,1.524,3968.546,405976.839,950472.875,285002.776,2274.241,22099.898,544496.0,92101.297,530.057,244.035,0.067,1708.626,0.472,4.776,7.488,5835.974,1.612,6201.988,1.713,1729.898,0.478,5979.095,1.652,0.012,41.708,0.18,0.424,0.631,0.027,27101.105,17285.445
1970,3694683801,21941933047808.0,288.253,0.078,14899.124,1137.339,8.264,20593.229,995.469,5.08,5.574,0.939,4.033,0.679,5698.193,1.542,4256.799,420875.964,971066.062,290700.995,2551.986,23890.705,550190.125,98901.07,574.407,277.745,0.075,1790.807,0.485,5.004,7.651,5694.103,1.541,6374.541,1.725,1750.084,0.474,6799.776,1.84,0.012,44.35,0.186,0.433,0.647,0.028,28266.83,18487.656
1971,3769847834,22902933414040.785,303.11,0.08,15503.854,604.73,4.059,20621.949,28.721,0.139,5.47,0.9004064513132447,4.113,0.6769374786941164,5699.531,1.512,4559.909,436379.807,991688.0,296400.526,2873.443,25824.176,555308.25,106102.703,619.069,321.457,0.085,1933.47,0.513,5.067,7.502,5118.095,1.358,6394.896,1.696,1738.814,0.461,7201.625,1.91,0.012,44.661,0.192,0.442,0.663,0.029,28280.381,19100.383
1972,3844917687,23876017409248.973,321.341,0.084,16224.597,720.742,4.649,21615.156,993.208,4.816,5.622,0.9053082693609876,4.22,0.6795353145334446,5690.899,1.48,4881.25,452604.433,1013303.188,302091.401,3220.344,27876.414,560698.75,113867.852,667.141,346.901,0.09,2052.238,0.534,5.174,7.656,5390.559,1.402,6529.756,1.698,1799.333,0.468,7765.145,2.02,0.013,48.072,0.198,0.452,0.679,0.029,29437.508,19892.299
1973,3920805030,24861185033432.562,340.285,0.087,17085.094,860.497,5.304,22329.176,714.019,3.303,5.695,0.8981541294179021,4.358,0.6872196147136385,5862.566,1.495,5221.535,469689.495,1035632.375,307953.995,3622.517,30080.93,565942.875,122091.773,718.768,402.173,0.103,2204.517,0.562,5.326,7.738,5244.082,1.338,6695.322,1.708,1857.153,0.474,8223.925,2.098,0.013,51.627,0.204,0.462,0.696,0.03,30340.881,20880.969
1974,3996416108,25858436286591.566,340.749,0.085,17011.072,-74.022,-0.433,22149.475,-179.702,-0.805,5.542,0.8565666830938736,4.257,0.6578538551776539,5860.91,1.467,5562.284,486700.589,1057781.875,313814.87,4013.898,32340.574,571081.25,130197.773,771.156,391.381,0.098,2259.645,0.565,5.218,7.568,5138.403,1.286,6726.428,1.683,1872.691,0.469,8106.0,2.028,0.013,52.388,0.21,0.471,0.712,0.031,30245.189,20851.867
1975,4070735264,26867771168725.98,340.04,0.084,17052.752,41.68,0.245,22112.086,-37.388,-0.169,5.432,0.8229966624748692,4.189,0.6346917238840176,6035.416,1.483,5902.324,503753.339,1079894.0,319850.307,4350.615,34596.816,576140.625,138234.938,818.325,336.717,0.083,2256.24,0.554,5.149,7.471,5059.333,1.243,6832.301,1.678,1928.419,0.474,8037.17,1.974,0.012,47.169,0.216,0.481,0.729,0.032,30411.125,20960.838
1976,4144246391,27884666258428.555,356.224,0.086,17989.111,936.36,5.491,23073.289,961.202,4.347,5.568,0.8274543717382938,4.341,0.6451255623173372,6260.573,1.511,6258.547,521742.43299999996,1102967.25,326110.87,4746.039,36984.379,581224.75,146774.266,868.342,395.424,0.095,2387.563,0.576,5.309,7.609,5084.175,1.227,6934.56,1.673,1980.734,0.478,8539.312,2.061,0.012,50.017,0.221,0.491,0.745,0.033,31535.469,22003.586
1977,4217863819,28904598134292.043,372.886,0.088,18498.635,509.524,2.832,24012.406,939.119,4.07,5.693,0.8307469243625979,4.386,0.6399893509695075,6412.998,1.52,6631.433,540241.057,1126979.625,332523.87,5127.518,39426.23,586738.562,155613.969,918.034,381.48,0.09,2441.855,0.579,5.353,7.73,5513.771,1.307,7028.787,1.666,2025.768,0.48,8839.723,2.096,0.012,49.692,0.227,0.502,0.763,0.034,32603.043,22576.369
1978,4292097508,29927566796316.457,398.05,0.093,19069.291,570.655,3.085,24482.348,469.94,1.957,5.704,0.8180534076366454,4.443,0.6371814698396091,6521.982,1.52,7029.483,559310.307,1151462.0,339045.87,5517.702,41977.371,592151.562,164770.844,969.109,390.184,0.091,2551.141,0.594,5.408,7.724,5413.056,1.261,7072.617,1.648,2066.55,0.481,9156.858,2.133,0.012,51.076,0.232,0.513,0.78,0.035,33151.207,23211.885
1979,4368539472,30953572244501.773,403.866,0.092,19609.02,539.73,2.83,24295.771,-186.575,-0.762,5.562,0.7849100843058789,4.489,0.6334978026157583,6828.803,1.563,7433.35,578919.37,1175757.75,345874.651,5877.86,44667.25,596838.312,174044.688,1021.573,360.158,0.082,2689.876,0.616,5.466,7.6,4686.75,1.073,7252.53,1.66,2123.432,0.486,9273.853,2.123,0.012,52.464,0.238,0.523,0.797,0.036,33198.746,23880.557
1980,4447606208,31982614478848.0,406.269,0.091,19488.523,-120.496,-0.614,24456.057,160.285,0.66,5.499,0.765,4.382,0.609,7009.021,1.576,7839.619,598407.933,1200213.875,352883.683,6194.316,47426.219,601805.875,182994.281,1069.776,316.456,0.071,2758.971,0.62,5.32,7.498,4967.532,1.117,7217.16,1.623,2136.203,0.48,8949.605,2.012,0.011,48.202,0.243,0.534,0.814,0.037,33347.82,23662.867
1981,4528777285,33014693499355.152,406.283,0.09,19022.902,-465.621,-2.389,23852.844,-603.214,-2.467,5.267,0.7224917596301749,4.2,0.5761950205708122,6989.387,1.543,8245.901,617430.807,1224066.625,359873.089,6431.495,50221.461,606635.812,191542.438,1116.447,237.179,0.052,2795.24,0.617,5.096,7.192,4829.94,1.066,7055.852,1.558,2089.767,0.461,8548.145,1.888,0.01,46.672,0.248,0.545,0.83,0.037,32570.309,23079.902
1982,4612673436,34049809306023.22,404.28,0.088,18871.098,-151.806,-0.798,23414.797,-438.047,-1.836,5.076,0.6876630876125951,4.091,0.5542203725840488,7111.624,1.542,8650.182,636301.87,1247481.375,366984.683,6667.079,52953.652,611179.5,199884.844,1161.461,235.584,0.051,2732.192,0.592,4.99,7.007,4543.699,0.985,7146.812,1.549,2144.83,0.465,8342.404,1.809,0.01,45.013,0.252,0.555,0.846,0.038,32320.344,23016.582
1983,4697327604,35087961898852.188,413.445,0.088,18991.91,120.814,0.64,23776.867,362.07,1.546,5.062,0.6776360242450502,4.043,0.5412656926255176,7297.98,1.554,9063.627,655293.807,1271258.25,374282.683,6879.927,55715.164,615964.5,208142.703,1209.729,212.848,0.045,2761.513,0.588,4.938,6.973,4784.955,1.019,7162.986,1.525,2183.908,0.465,8257.855,1.758,0.01,48.269,0.257,0.566,0.862,0.039,32752.469,23197.736
1984,4782175500,36129151277842.08,421.227,0.088,19647.801,655.89,3.454,25286.881,1510.015,6.351,5.288,0.6999024362774994,4.109,0.5438212718838471,7651.011,1.6,9484.854,674941.62,1296545.25,381933.683,7066.68,58726.699,621603.5,216467.734,1261.966,186.753,0.039,3011.532,0.63,5.009,7.19,5639.079,1.179,7271.266,1.52,2197.062,0.459,8325.042,1.741,0.011,52.236,0.261,0.577,0.878,0.04,34383.637,23955.51
1985,4868943460,37173377442992.88,425.773,0.087,20311.902,664.101,3.38,25602.865,315.984,1.25,5.258,0.6887419643066652,4.172,0.5464099147608864,8201.961,1.685,9910.627,695253.495,1322148.0,390135.651,7248.725,61849.012,626894.5,224790.969,1318.543,182.045,0.037,3122.311,0.641,5.068,7.148,5290.962,1.087,7383.196,1.516,2195.353,0.451,8323.233,1.709,0.012,56.578,0.265,0.588,0.895,0.041,34802.164,24673.584
1986,4958072822,38244382198951.94,442.333,0.089,20614.963,303.061,1.492,26142.145,539.279,2.106,5.273,0.6835551654097947,4.158,0.5390324490733946,8321.163,1.678,10352.961,715868.495,1348290.25,398456.807,7419.083,64895.914,632421.688,233363.953,1379.776,170.358,0.034,3046.904,0.615,5.05,7.145,5527.181,1.115,7486.583,1.51,2203.162,0.444,8572.973,1.729,0.012,61.233,0.27,0.6,0.912,0.042,35424.961,25040.652
1987,5049746378,39365907350366.58,459.055,0.091,21250.074,635.111,3.081,26589.879,447.734,1.713,5.266,0.6754544932330232,4.208,0.5398090741531484,8598.43,1.703,10812.016,737118.557,1374880.0,407055.245,7582.752,68204.391,637761.5,242008.328,1455.844,163.669,0.032,3308.479,0.655,5.076,7.103,5339.804,1.057,7569.99,1.499,2250.367,0.446,8644.374,1.712,0.015,76.068,0.274,0.612,0.929,0.043,35869.164,25633.977
1988,5141992550,40537952897236.81,482.906,0.094,22085.131,835.056,3.93,27256.115,666.237,2.506,5.301,0.6723604191137599,4.295,0.5448013385378764,8893.931,1.73,11294.922,759203.745,1402136.125,415949.151,7769.177,71671.812,642932.5,250970.625,1547.998,186.425,0.036,3467.422,0.674,5.168,7.126,5170.985,1.006,7701.535,1.498,2243.575,0.436,8962.293,1.743,0.018,92.154,0.278,0.624,0.946,0.044,36640.598,26573.775
1989,5234431714,41760518839562.625,493.234,0.094,22386.637,301.507,1.365,27339.98,83.866,0.308,5.223,0.654684873649102,4.277,0.5360718118950091,8892.311,1.699,11788.156,781590.37,1429476.25,424841.464,7920.946,75313.359,647885.812,260088.719,1637.671,151.769,0.029,3641.542,0.696,5.152,7.05,4953.343,0.946,7876.47,1.505,2266.352,0.433,9118.108,1.742,0.017,89.673,0.282,0.636,0.963,0.045,36901.773,26966.443
1990,5327803075,43033605177344.0,494.369,0.093,22728.988,342.352,1.529,27705.59,365.609,1.337,5.2,0.644,4.266,0.528,8702.585,1.633,12282.525,804319.307,1457181.625,433544.057,8179.74,79119.508,652862.438,269332.75,1860.719,258.794,0.049,3806.152,0.714,5.119,7.008,4976.601,0.934,7925.226,1.488,2274.684,0.427,9244.039,1.735,0.042,223.049,0.286,0.648,0.981,0.046,37335.879,27274.096
1991,5418735879,44357211910580.99,508.293,0.094,23186.102,457.114,2.011,28156.088,450.499,1.626,5.196,0.6347578395314705,4.279,0.5227132410111911,8616.416,1.59,12790.817,827505.433,1485337.75,442160.464,8453.781,82987.586,657832.438,279036.438,2076.336,274.041,0.051,3868.078,0.714,5.115,6.966,4969.986,0.917,7899.296,1.458,2255.815,0.416,9703.657,1.791,0.04,215.616,0.29,0.66,0.998,0.047,37748.945,27719.375
1992,5505989821,45731339039273.56,529.372,0.096,22528.172,-657.93,-2.838,27786.176,-369.912,-1.314,5.047,0.607595941508241,4.092,0.4926199948060357,8410.125,1.527,13320.189,850033.62,1513124.0,450570.62,8695.539,86909.383,663090.438,288245.312,2292.538,241.758,0.044,3921.804,0.712,4.917,6.789,5258.005,0.955,7893.853,1.434,2272.665,0.413,9208.91,1.673,0.039,216.203,0.294,0.673,1.015,0.049,37381.09,27070.875
1993,5591544841,47155986563421.69,552.208,0.099,22755.787,227.615,1.01,27729.648,-56.529,-0.203,4.959,0.5880408834773386,4.07,0.4825641166343741,8510.979,1.522,13872.398,872789.433,1540853.75,459081.589,8929.328,90934.492,668064.312,297462.844,2508.719,233.789,0.042,4025.106,0.72,4.888,6.676,4973.861,0.89,7912.445,1.415,2258.867,0.404,9217.523,1.648,0.039,216.181,0.297,0.685,1.031,0.05,37327.961,27329.488
1994,5675551281,48631154483025.42,589.438,0.104,22992.947,237.16,1.042,28882.324,1152.676,4.157,5.089,0.5939057854380426,4.051,0.4728028204229786,8559.984,1.508,14461.836,895782.307,1569736.0,467641.557,9244.019,94996.016,673953.688,306713.75,2725.128,314.691,0.055,4061.52,0.716,4.864,6.795,5889.376,1.038,7984.747,1.407,2295.582,0.404,9250.904,1.63,0.038,216.409,0.3,0.698,1.048,0.051,38563.02,27603.963
1995,5758878997,50156842798084.75,623.497,0.108,23532.084,539.136,2.345,28964.484,82.162,0.284,5.03,0.5774782140215974,4.086,0.4691699614095044,8803.751,1.529,15085.332,919314.37,1598700.5,476445.307,9570.361,99214.203,679386.0,316050.469,2948.699,326.342,0.057,4218.191,0.732,4.904,6.737,5432.402,0.943,8103.435,1.407,2358.856,0.41,9336.73,1.621,0.039,223.571,0.304,0.71,1.066,0.052,38797.141,28240.766
1996,5842055726,51787234633829.766,636.372,0.109,24258.168,726.086,3.086,30270.709,1306.225,4.51,5.182,0.5845206683468247,4.152,0.46841983688685834,9025.064,1.545,15721.704,943572.62,1628971.25,485470.401,9920.771,103618.914,685398.625,325670.062,3170.733,350.409,0.06,4404.707,0.754,4.968,6.879,6012.542,1.029,8190.865,1.402,2407.678,0.412,9619.58,1.647,0.038,222.034,0.307,0.724,1.084,0.053,40186.062,29024.33
1997,5924787787,53576513115490.59,662.36,0.112,24401.906,143.737,0.593,31808.471,1537.761,5.08,5.369,0.5937017762136373,4.119,0.45545901703977576,8977.649,1.515,16384.064,967974.495,1660779.625,494448.057,10273.542,108039.656,692805.188,335434.688,3394.489,352.773,0.06,4420.749,0.746,4.924,7.031,7406.565,1.25,8191.747,1.383,2374.1,0.401,9764.619,1.648,0.038,223.756,0.31,0.738,1.102,0.054,41658.656,29171.246
1998,6007066714,55524678243067.25,660.075,0.11,24303.777,-98.128,-0.402,30448.242,-1360.228,-4.276,5.069,0.5483731371969136,4.046,0.4377112622536366,8735.663,1.454,17044.139,992278.245,1691227.875,503183.714,10610.034,112507.234,698949.625,345318.094,3615.065,336.493,0.056,4467.569,0.744,4.817,6.695,6144.464,1.023,8126.503,1.353,2401.021,0.4,9883.401,1.645,0.037,220.576,0.314,0.751,1.119,0.055,40217.953,28937.402
1999,6089006330,57631730016559.72,692.68,0.114,24853.729,549.951,2.263,30856.643,408.4,1.341,5.068,0.5354106668519885,4.082,0.4312507882872613,8862.773,1.456,17736.818,1017131.995,1722084.5,512046.464,10940.009,117120.836,704952.5,355453.5,3834.342,329.973,0.054,4613.602,0.758,4.838,6.677,6002.914,0.986,8171.664,1.342,2412.446,0.396,10135.422,1.665,0.036,219.277,0.316,0.765,1.137,0.056,40655.059,29459.615
2000,6171703018,59897668435968.0,723.999,0.117,25510.553,656.824,2.643,30807.773,-48.869,-0.158,4.992,0.514,4.133,0.426,9202.368,1.491,18460.82,1042642.557,1752892.25,521248.80700000003,11287.087,121870.703,710249.75,365724.406,4050.67,347.079,0.056,4749.871,0.77,4.901,6.6,5297.219,0.858,8322.955,1.349,2401.121,0.389,10270.908,1.664,0.035,216.328,0.319,0.778,1.155,0.057,40732.266,30248.887
2001,6254936479,62322493501292.1,757.358,0.121,25706.293,195.74,0.767,30471.537,-336.237,-1.091,4.872,0.48893321316433286,4.11,0.4124721517996876,9256.888,1.48,19218.176,1068348.87,1783363.75,530505.745,11622.771,126665.242,715015.0,376072.906,4264.012,335.684,0.054,4794.54,0.767,4.867,6.458,4765.243,0.762,8318.738,1.33,2404.05,0.384,10348.482,1.654,0.034,213.342,0.323,0.791,1.173,0.058,40393.684,30445.379
2002,6337730319,64906205212532.016,785.215,0.124,26276.869,570.577,2.22,31404.986,933.45,3.063,4.955,0.48385182737406995,4.146,0.4048437112284989,9681.148,1.528,20003.391,1094625.745,1814768.75,540186.87,11947.401,131602.609,720143.125,386405.094,4480.309,324.631,0.051,4937.363,0.779,4.885,6.522,5128.116,0.809,8310.901,1.311,2435.91,0.384,10332.214,1.63,0.034,216.297,0.326,0.805,1.191,0.059,41334.141,30961.49
2003,6420361649,67648803569687.75,863.574,0.135,27669.49,1392.62,5.3,33745.172,2340.184,7.452,5.256,0.49882880730089696,4.31,0.40901669416069636,10518.779,1.638,20866.965,1122295.12,1848514.0,550705.683,12291.925,136720.906,726218.75,397008.375,4701.349,344.523,0.054,5118.303,0.797,5.073,6.835,6075.682,0.946,8541.279,1.33,2452.194,0.382,10603.271,1.652,0.034,221.04,0.33,0.82,1.21,0.06,43886.328,32572.219
2004,6503377778,70550288572759.3,902.594,0.139,28632.506,963.017,3.48,34036.496,291.324,0.863,5.234,0.4824430443668247,4.403,0.4058453420849013,10872.461,1.672,21769.561,1150927.745,1882550.375,561578.12,12634.486,142005.453,731622.812,408007.156,4932.918,342.562,0.053,5284.549,0.813,5.169,6.823,5403.988,0.831,8726.553,1.342,2534.044,0.39,10998.771,1.691,0.036,231.569,0.334,0.835,1.23,0.061,44371.148,33619.125
2005,6586970145,73610660221746.66,968.292,0.147,29614.395,981.889,3.429,34505.375,468.881,1.378,5.238,0.4687551354118427,4.496,0.4023112265368743,11547.438,1.753,22737.852,1180542.12,1917055.875,573125.495,12982.374,147408.0,736513.75,419113.125,5175.181,347.888,0.053,5402.539,0.82,5.269,6.83,4890.982,0.743,8883.688,1.349,2558.266,0.388,11105.975,1.686,0.037,242.263,0.338,0.85,1.251,0.063,44987.16,34706.898
2006,6671452018,76770394087997.17,1055.835,0.158,30628.396,1014.002,3.424,35960.543,1455.165,4.217,5.39,0.46841680868253255,4.591,0.3989610365278646,12194.091,1.828,23793.686,1211170.495,1953016.5,585319.683,13329.879,152964.984,741845.875,430334.156,5428.143,347.505,0.052,5556.997,0.833,5.369,6.985,5332.146,0.799,9055.228,1.357,2596.698,0.389,11221.006,1.682,0.038,252.962,0.342,0.866,1.272,0.064,46601.812,35818.875
2007,6757308750,79969965742858.17,1133.996,0.168,31534.645,906.248,2.959,36129.227,168.686,0.469,5.347,0.4517849503171329,4.667,0.39433110552277867,12784.673,1.892,24927.682,1242705.12,1989145.625,598104.307,13673.13,158725.266,746440.5,441586.969,5687.758,343.25,0.051,5760.267,0.852,5.438,6.936,4594.583,0.68,9137.519,1.352,2672.009,0.395,11252.844,1.665,0.038,259.615,0.346,0.882,1.293,0.065,46866.113,36748.508
2008,6844457675,83209375186329.66,1148.988,0.168,32074.199,539.554,1.711,36954.508,825.283,2.284,5.399,0.4441147156465033,4.686,0.3854637644877956,13201.743,1.929,26076.67,1274779.37,2026100.125,611306.057,14007.852,164651.984,751320.812,452789.062,5947.677,334.722,0.049,5926.722,0.866,5.456,6.977,4880.31,0.713,9246.188,1.351,2639.518,0.386,11202.105,1.637,0.038,259.918,0.35,0.898,1.314,0.066,47752.992,37344.918
2009,6932766459,86488622418411.6,1182.037,0.171,31541.922,-532.277,-1.66,36815.902,-138.609,-0.375,5.31,0.4256733541423904,4.55,0.36469446637047365,13045.025,1.882,27258.707,1306321.37,2062916.0,624351.057,14338.25,170435.875,756594.75,463745.625,6191.711,330.398,0.048,5783.895,0.834,5.304,6.863,5273.98,0.761,9195.602,1.326,2609.189,0.376,10956.532,1.58,0.035,244.034,0.354,0.914,1.335,0.067,47577.605,36772.477
2010,7021732131,89807707439104.0,1263.143,0.18,33355.902,1813.981,5.751,38843.812,2027.913,5.508,5.532,0.433,4.75,0.371,13954.142,1.987,28521.852,1339677.12,2101759.75,638305.183,14679.491,176663.828,762082.688,475068.875,6437.868,341.242,0.049,6227.937,0.887,5.516,7.092,5487.912,0.782,9391.759,1.338,2671.178,0.38,11323.283,1.613,0.035,246.157,0.358,0.931,1.357,0.069,49800.949,38728.945
2011,7110923797,93166630248406.94,1358.844,0.191,34504.539,1148.637,3.444,39782.805,938.992,2.417,5.595,0.42700701843491057,4.852,0.3703529784001176,14737.899,2.073,29880.695,1374181.745,2141542.75,653043.12,15038.781,183075.844,767360.938,486430.312,6712.933,359.29,0.051,6412.035,0.902,5.639,7.185,5278.267,0.742,9672.067,1.36,2766.553,0.389,11361.404,1.598,0.039,275.065,0.363,0.948,1.381,0.07,51089.148,40095.648
2012,7201202531,96565390846320.33,1394.763,0.194,35000.02,495.481,1.436,40651.914,869.11,2.185,5.645,0.4209780920857637,4.86,0.3624489032069577,14906.987,2.07,31275.459,1409181.745,2182194.5,667950.057,15415.845,189625.984,773012.875,497924.656,6989.63,377.063,0.052,6550.136,0.91,5.652,7.233,5651.894,0.785,9767.593,1.356,2795.043,0.388,11494.373,1.596,0.038,276.697,0.367,0.966,1.404,0.071,52088.527,40704.242
2013,7291793608,99998834482372.06,1454.628,0.199,35301.656,301.634,0.862,40417.809,-234.107,-0.576,5.543,0.40418280082179264,4.841,0.35302067451819175,15001.509,2.057,32730.086,1444483.37,2222612.25,682951.62,15801.122,196213.828,778129.0,509502.562,7284.156,385.277,0.053,6587.851,0.903,5.623,7.106,5116.153,0.702,9742.556,1.336,2777.339,0.381,11577.865,1.588,0.04,294.526,0.372,0.984,1.428,0.072,51811.949,41005.238
2014,7381616239,103436032653729.34,1502.477,0.204,35450.094,148.439,0.42,40846.285,428.478,1.06,5.534,0.394894157790644,4.802,0.34272480382803877,15017.948,2.035,34232.562,1479933.495,2263458.75,697969.557,16187.821,202845.062,783525.188,521108.906,7589.537,386.7,0.052,6631.221,0.898,5.584,7.093,5396.192,0.731,9827.423,1.331,2811.28,0.381,11606.367,1.572,0.041,305.381,0.377,1.002,1.452,0.074,52359.199,41215.418
2015,7470491904,106871830609920.0,1451.156,0.194,35404.898,-45.195,-0.127,40936.484,90.198,0.221,5.48,0.383,4.739,0.331,14667.685,1.963,35683.723,1515338.37,2304395.25,712637.245,16571.826,209611.812,789056.75,532940.562,7893.16,384.005,0.051,6766.76,0.906,5.507,7.02,5531.586,0.74,9848.547,1.318,2816.747,0.377,11831.668,1.584,0.041,303.623,0.381,1.02,1.476,0.075,52443.984,41136.703
2016,7558554580,110407201062912.0,1490.399,0.197,35416.656,11.76,0.033,39822.91,-1113.575,-2.72,5.269,0.361,4.686,0.321,14336.13,1.897,37174.121,1550754.995,2344218.0,726973.37,16945.857,216564.469,793463.0,544903.5,8193.656,374.031,0.049,6952.65,0.92,5.443,6.795,4406.253,0.583,9878.319,1.307,2832.302,0.375,11962.95,1.583,0.04,300.496,0.386,1.037,1.499,0.076,51361.516,41140.93
2017,7645618013,114529589526528.0,1509.493,0.197,35989.898,573.239,1.619,40220.918,398.008,0.999,5.261,0.351,4.707,0.314,14513.114,1.898,38683.609,1586744.87,2384439.0,741486.495,17333.135,223692.266,797694.125,557052.938,8496.458,387.279,0.051,7127.797,0.932,5.468,6.795,4231.022,0.553,10041.971,1.313,2888.824,0.378,12149.412,1.589,0.04,302.803,0.391,1.055,1.523,0.077,51949.547,41809.547
2018,7729902724,118765811400704.0,1554.511,0.201,36730.426,740.528,2.058,40575.145,354.226,0.881,5.249,0.342,4.752,0.309,14746.245,1.908,40238.125,1623475.37,2425014.25,756232.683,17740.234,231162.5,801538.75,569302.125,8799.614,407.099,0.053,7470.227,0.966,5.522,6.781,3844.718,0.497,10198.932,1.319,2885.324,0.373,12249.189,1.585,0.039,303.156,0.396,1.072,1.547,0.079,52420.27,42684.906
2019,7811293714,122149364826112.0,1623.12,0.208,37104.273,373.85,1.018,40891.02,315.875,0.778,5.235,0.335,4.75,0.304,14694.93,1.881,41861.242,1660579.62,2465905.25,770927.683,18175.498,238796.266,805325.5,581714.125,9104.839,435.263,0.056,7633.772,0.977,5.524,6.759,3786.744,0.485,10279.053,1.316,2869.841,0.367,12411.968,1.589,0.039,305.225,0.401,1.09,1.571,0.08,52796.523,43147.367
2020,7887001284,118590019731456.0,1638.271,0.208,35126.527,-1977.75,-5.33,38565.52,-2325.5,-5.687,4.89,0.325,4.454,0.296,14266.885,1.809,43499.516,1695706.245,2504470.5,785194.557,18576.557,246360.812,808764.5,592674.812,9399.902,401.057,0.051,7564.561,0.959,5.248,6.44,3438.994,0.436,10163.954,1.289,2909.539,0.369,10960.689,1.39,0.037,295.063,0.406,1.107,1.595,0.081,50792.543,41394.84
2021,7954448405,126004794228736.0,1696.308,0.213,36991.734,1865.208,5.31,40544.516,1978.995,5.132,5.097,0.322,4.65,0.294,15134.602,1.903,45195.82,1732697.87,2545015.0,800329.12,18981.986,254283.812,812317.25,604205.75,9701.347,405.431,0.051,7922.98,0.996,5.455,6.655,3552.779,0.447,10330.923,1.299,2949.63,0.371,11530.972,1.45,0.038,301.444,0.411,1.125,1.619,0.083,52938.793,43391.352
2022,8021407170,130112561348608.0,1601.124,0.2,37293.836,302.1,0.817,40834.871,290.357,0.716,5.091,0.314,4.649,0.287,15185.965,1.893,46796.949,1769991.62,2585850.0,815515.12,19384.998,262176.5,815858.312,616115.375,10002.777,403.013,0.05,7892.689,0.984,5.454,6.648,3541.036,0.441,10529.812,1.313,2975.719,0.371,11909.615,1.485,0.038,301.431,0.417,1.143,1.644,0.084,53327.215,43746.762
2023,8091734935,127905634964083.34,1569.346,0.194,37791.57,497.738,1.335,41416.48,581.607,1.424,5.118,0.32380496771412765,4.67,0.29546446495975015,15401.22,1.903,48366.293,1807783.245,2627266.5,830916.37,19795.938,270076.594,819483.25,628324.25,10303.908,410.94,0.051,7900.098,0.976,5.452,6.651,3624.905,0.448,10514.614,1.299,2996.286,0.37,12208.835,1.509,0.037,301.131,0.422,1.161,1.668,0.085,53816.852,44114.785
